Synonym,Family,LDMC (g/g),Plant height (m),Nmass (mg/g),Leaf area (mm2),Woodiness,Diaspore mass (mg),N_Names,N_Langs,N_Uses,Species,Ssp_var
Abies amabilis,Pinaceae,NA,45.95737787,9.448975476,NA,woody,45.5117,35,20,27,Abies amabilis,NA
Abies grandis,Pinaceae,NA,54.9171867,14.6,180,woody,17.579,50,25,76,Abies grandis,NA
Abies lasiocarpa,Pinaceae,NA,26.65503063,13.43892689,35.04,woody,12.6603,54,31,105,Abies lasiocarpa,NA
Acer circinatum,Sapindaceae,NA,23.59083116,NA,3019,woody,73.9923,23,18,26,Acer circinatum,NA
Acer glabrum,Sapindaceae,NA,11.26788129,NA,3280.53,woody,50.2945,36,27,28,Acer glabrum,NA
Acer macrophyllum,Sapindaceae,NA,22.45122295,26.4,11632.91,woody,130.5233,38,23,64,Acer macrophyllum,NA
Achillea millefolium,Compositae,87.7511136851258,0.313157943,20.54814349,627.23,non-woody,0.1428,85,48,266,Achillea millefolium,NA
Achlys triphylla,Berberidaceae,NA,NA,NA,NA,non-woody,5.5588,7,6,9,Achlys triphylla,NA
Actaea rubra,Ranunculaceae,NA,1,18.8,1252.29,non-woody,10.6851,22,13,22,Actaea rubra,NA
Adiantum aleuticum,Pteridaceae,NA,NA,NA,NA,NA,NA,25,16,11,Adiantum aleuticum,NA
Agoseris glauca,Compositae,NA,0.181659021,17.17,520,non-woody,1.1523,8,5,1,Agoseris glauca,NA
Allium cernuum,Amaryllidaceae,NA,NA,NA,NA,non-woody,3.85,52,36,69,Allium cernuum,NA
Allium geyeri,Amaryllidaceae,NA,0.0562,NA,117.97,non-woody,2.34,11,8,7,Allium geyeri,NA
Allium schoenoprasum subsp. sibiricum,Liliaceae,NA,NA,NA,NA,NA,NA,12,7,6,Allium schoenoprasum,subsp. sibiricum
Alnus incana subsp. tenuifolia,Betulaceae,NA,NA,21.9,NA,woody,0.6077,66,35,45,Alnus incana,subsp. tenuifolia
Alnus rubra,Betulaceae,NA,30.98284191,23.73410952,NA,woody,0.8533,56,33,116,Alnus rubra,NA
Alnus viridis subsp. crispa,Betulaceae,NA,NA,NA,NA,NA,NA,66,35,26,Alnus viridis,subsp. crispa
Alnus viridis subsp. sinuata,Betulaceae,NA,NA,NA,NA,NA,NA,66,35,8,Alnus viridis,subsp. sinuata
Amelanchier alnifolia,Rosaceae,NA,3.86283244,18.2,964.61,woody,5.5447,131,45,164,Amelanchier alnifolia,NA
Anaphalis margaritacea,Compositae,0.296254214,0.633818409,17.76384616,1465.02,non-woody,0.0445,15,10,43,Anaphalis margaritacea,NA
Anemone multifida,Ranunculaceae,NA,0.6,NA,NA,non-woody,1.1785,12,8,1,Anemone multifida,NA
Angelica genuflexa,Apiaceae,NA,NA,NA,NA,NA,NA,17,10,11,Angelica genuflexa,NA
Angelica lucida,Apiaceae,NA,NA,NA,NA,non-woody,5.89,13,5,25,Angelica lucida,NA
Antennaria neglecta,Compositae,NA,0.3,14.70791148,278.08,non-woody,0.0693,4,4,6,Antennaria neglecta,NA
Apocynum androsaemifolium,Apocynaceae,0.334554127,0.735820838,17.2556779,7156.82,non-woody,0.2289,33,20,54,Apocynum androsaemifolium,NA
Apocynum cannabinum,Apocynaceae,NA,0.95,17.24,NA,non-woody,0.9519,33,20,99,Apocynum cannabinum,NA
Aquilegia formosa,Ranunculaceae,NA,0.91,NA,NA,non-woody,1.3283,29,20,31,Aquilegia formosa,NA
Aralia nudicaulis,Araliaceae,NA,0.45,20.1078031,4321.2,non-woody,5.905,14,11,79,Aralia nudicaulis,NA
Arbutus menziesii,Ericaceae,NA,19.71806211,11.52874754,4276.55,woody,92.6492,15,12,61,Arbutus menziesii,NA
Arctostaphylos uva-ursi,Ericaceae,NA,0.269174936,10.72919761,172.17,woody,11.325,87,49,186,Arctostaphylos uva-ursi,NA
Arctous alpina,Ericaceae,NA,NA,16.36581804,219,woody,NA,11,6,4,Arctous alpina,NA
Argentina anserina,Rosaceae,NA,NA,NA,NA,NA,NA,49,25,16,Argentina anserina,NA
Argentina egedii,Rosaceae,NA,NA,NA,NA,NA,NA,49,25,19,Argentina egedii,NA
Arnica cordifolia,Compositae,NA,0.45,NA,1283.83,non-woody,1.4841,3,4,5,Arnica cordifolia,NA
Artemisia dracunculus,Compositae,NA,0.788412343,25.48,87.72,non-woody,0.115,12,7,99,Artemisia dracunculus,NA
Artemisia frigida,Compositae,NA,0.6,27.16450345,230.85,NA,0.0711,14,12,90,Artemisia frigida,NA
Artemisia ludoviciana,Compositae,0.311672567,0.48641546,18.90475139,262.21,non-woody,0.1241,12,7,98,Artemisia ludoviciana,NA
Artemisia tilesii,Compositae,NA,1.9,NA,NA,non-woody,0.1386,7,4,33,Artemisia tilesii,NA
Artemisia tridentata,Compositae,NA,1.807239194,15.17575567,37.72,woody,0.6187,16,12,216,Artemisia tridentata,NA
Aruncus dioicus,Rosaceae,0.194935887,1.103405285,41.37404677,97188.52,non-woody,0.0881,20,16,10,Aruncus dioicus,NA
Asarum caudatum,Aristolochiaceae,NA,NA,NA,NA,NA,NA,23,12,28,Asarum caudatum,NA
Asclepias speciosa,Apocynaceae,NA,1.82,NA,NA,non-woody,6.9191,5,4,61,Asclepias speciosa,NA
Athyrium filix-femina var. cyclosorum,Dryopteridaceae,NA,NA,NA,NA,NA,NA,30,19,1,Athyrium filix-femina,var. cyclosorum
Balsamorhiza sagittata,Compositae,NA,0.6,NA,6992.42,non-woody,4.8273,31,13,109,Balsamorhiza sagittata,NA
Betula nana,Betulaceae,397.525281153846,0.394932857,22.6860961,51.78,woody,0.2214,13,11,7,Betula nana,NA
Betula occidentalis,Betulaceae,NA,12.34503949,NA,NA,woody,0.2168,8,7,12,Betula occidentalis,NA
Betula papyrifera,Betulaceae,400.62,14.69789012,23.83371477,2536.38,woody,0.3278,56,35,174,Betula papyrifera,NA
Betula pumila subsp. glandulifera,Betulaceae,NA,NA,NA,NA,NA,NA,13,11,3,Betula pumila,subsp. glandulifera
Blechnum spicant,Blechnaceae,NA,0.371950331,NA,NA,non-woody,5.15e-6,16,12,17,Blechnum spicant,NA
Boschniakia hookeri,Orobanchaceae,NA,NA,NA,NA,NA,NA,8,5,3,Boschniakia hookeri,NA
Boschniakia rossica,Orobanchaceae,NA,NA,NA,NA,NA,NA,8,5,1,Boschniakia rossica,NA
Bromus carinatus,Poaceae,0.23272,1.205,NA,1716,non-woody,5.9079,5,6,4,Bromus carinatus,NA
Calamagrostis rubescens,Poaceae,NA,0.91,NA,NA,non-woody,0.17,18,12,9,Calamagrostis rubescens,NA
Calochortus macrocarpus,Liliaceae,NA,0.54,NA,NA,non-woody,2.24,10,8,17,Calochortus macrocarpus,NA
Calypso bulbosa,Orchidaceae,NA,NA,NA,NA,non-woody,6e-4,16,10,1,Calypso bulbosa,NA
Camassia leichtlinii,Asparagaceae,NA,NA,NA,NA,non-woody,9.35,65,33,12,Camassia leichtlinii,NA
Camassia quamash,Asparagaceae,NA,0.7,NA,NA,non-woody,3.989,65,16,50,Camassia quamash,NA
Campanula rotundifolia,Campanulaceae,236.962653562727,0.227134281,19.69810933,62.67,non-woody,0.0546,5,4,10,Campanula rotundifolia,NA
Carex obnupta,Cyperaceae,NA,0.91,NA,NA,non-woody,0.3528,46,26,10,Carex obnupta,NA
Carex rostrata,Cyperaceae,0.237746229,0.468669026,19.26761453,1698.77,non-woody,1.034,46,26,4,Carex rostrata,NA
Castilleja hispida,Orobanchaceae,NA,0.45,NA,NA,non-woody,0.3592,21,15,3,Castilleja hispida,NA
Castilleja miniata,Orobanchaceae,NA,NA,NA,NA,non-woody,0.2496,21,15,19,Castilleja miniata,NA
Ceanothus sanguineus,Rhamnaceae,NA,3.04,NA,NA,woody,3.3747,23,10,5,Ceanothus sanguineus,NA
Ceanothus velutinus,Rhamnaceae,NA,3.019933774,20,NA,woody,4.8155,23,10,5,Ceanothus velutinus,NA
Chamaecyparis nootkatensis,Cupressaceae,NA,NA,NA,NA,NA,NA,42,47,62,Chamaecyparis nootkatensis,NA
Chenopodium capitatum,Amaranthaceae,NA,0.378224476,NA,NA,non-woody,0.2284,15,10,12,Chenopodium capitatum,NA
Chimaphila umbellata,Ericaceae,NA,0.095637489,11.8577412,122.51,woody,NA,16,11,70,Chimaphila umbellata,NA
Cicuta douglasii,Apiaceae,NA,1.82,NA,NA,non-woody,2.9335,28,19,31,Cicuta douglasii,NA
Cicuta virosa,Apiaceae,0.121237201,0.876134937,NA,17017.66,non-woody,1.036,28,19,6,Cicuta virosa,NA
Cirsium arvense,Compositae,105.709972199815,0.652958113,24.72195493,5570.16,non-woody,1.6595,44,28,11,Cirsium arvense,NA
Cirsium brevistylum,Compositae,NA,NA,NA,NA,non-woody,1.5792,44,28,6,Cirsium brevistylum,NA
Cirsium edule,Asteraceae,NA,NA,NA,NA,NA,NA,44,28,10,Cirsium edule,NA
Cirsium hookerianum,Asteraceae,NA,NA,NA,NA,NA,NA,44,28,6,Cirsium hookerianum,NA
Cirsium undulatum,Compositae,NA,1.2,23.55,NA,non-woody,5.4403,44,28,16,Cirsium undulatum,NA
Cirsium vulgare,Compositae,0.131397251,0.92238856,17.26,6798.49,non-woody,2.6402,44,28,20,Cirsium vulgare,NA
Claytonia lanceolata,Montiaceae,NA,NA,NA,76.72,non-woody,1.11,30,18,13,Claytonia lanceolata,NA
Claytonia sibirica,Montiaceae,0.07681,0.356635317,NA,316,non-woody,1.1796,17,7,14,Claytonia sibirica,NA
Clematis columbiana,Ranunculaceae,NA,1.5,NA,NA,woody,5.33,10,6,3,Clematis columbiana,NA
Clematis ligusticifolia,Ranunculaceae,NA,0.3,NA,3213,woody,2.8439,13,7,59,Clematis ligusticifolia,NA
Clematis occidentalis,Ranunculaceae,NA,NA,NA,NA,woody,5.27,10,6,3,Clematis occidentalis,NA
Clintonia uniflora,Liliaceae,NA,NA,NA,NA,non-woody,4.9629,10,9,10,Clintonia uniflora,NA
Comandra umbellata,Santalaceae,NA,0.282842712,16.98419965,96.62,non-woody,89.12,8,4,7,Comandra umbellata,NA
Comarum palustre,Rosaceae,0.25,0.371233216,13.36,2197.21,non-woody,0.4222,3,3,4,Comarum palustre,NA
Conioselinum gmelinii,Apiaceae,NA,NA,NA,NA,NA,NA,29,14,15,Conioselinum gmelinii,NA
Cornus canadensis,Cornaceae,NA,0.15,18.50784993,771.38,non-woody,8.7106,60,30,40,Cornus canadensis,NA
Cornus nuttallii,Cornaceae,NA,14.72585482,NA,3200,woody,91.8359,24,14,30,Cornus nuttallii,NA
Cornus sericea,Cornaceae,NA,2.663296645,17.55,2345.51,woody,25.7526,76,40,21,Cornus sericea,NA
Cornus suecica,Cornaceae,0.197911602,0.164964651,19.88696657,301.4,non-woody,3.42,60,30,2,Cornus suecica,NA
Cornus unalaschkensis,Cornaceae,NA,NA,NA,NA,NA,NA,60,30,6,Cornus unalaschkensis,NA
Corylus cornuta,Betulaceae,NA,3.394021317,19.53619192,3166.4,woody,472.61130000000003,63,29,25,Corylus cornuta,NA
Crataegus douglasii,Rosaceae,NA,3.123716806,NA,NA,woody,22.1203,68,25,41,Crataegus douglasii,NA
Delphinium nuttallianum,Ranunculaceae,NA,NA,NA,381.97,non-woody,0.4033,6,4,2,Delphinium nuttallianum,NA
Dicentra formosa,Papaveraceae,NA,0.564621617,NA,NA,non-woody,1.4209,6,4,4,Dicentra formosa,NA
Dodecatheon hendersonii,Primulaceae,NA,NA,NA,NA,non-woody,1.1493,15,9,3,Dodecatheon hendersonii,NA
Dodecatheon jeffreyi,Primulaceae,NA,NA,NA,NA,non-woody,0.53,15,9,2,Dodecatheon jeffreyi,NA
Dodecatheon pulchellum,Primulaceae,NA,0.6,25.94875,408.09,non-woody,0.3836,15,9,1,Dodecatheon pulchellum,NA
Drosera rotundifolia,Droseraceae,0.13,0.07657073,12.68845516,47.44,non-woody,0.0129,6,3,2,Drosera rotundifolia,NA
Dryopteris expansa,Dryopteridaceae,269.34,1.2,22.11655754,59642.46,non-woody,3.68e-5,66,37,7,Dryopteris expansa,NA
Elaeagnus commutata,Elaeagnaceae,NA,2.817831976,NA,NA,woody,119.1724,25,11,43,Elaeagnus commutata,NA
Empetrum nigrum,Ericaceae,279.276306748081,0.213461056,11.41157144,4.8,woody,0.9796,42,18,31,Empetrum nigrum,NA
Epilobium angustifolium,Onagraceae,0.304087785,0.831719514,28.6675871,2207.76,non-woody,0.0655,85,43,4,Epilobium angustifolium,NA
Equisetum arvense,Equisetaceae,181.70286413985,0.348986214,20.03828835,112.82,non-woody,2.2e-5,89,43,54,Equisetum arvense,NA
Equisetum hyemale var. affine,Equisetaceae,NA,NA,NA,NA,NA,NA,40,26,8,Equisetum hyemale,var. affine
Equisetum telmateia,Equisetaceae,119.493333333333,1.168182022,NA,50.33,non-woody,2.2e-5,89,43,26,Equisetum telmateia,NA
Ericameria nauseosa,Compositae,NA,1.105,20.57577722,28.27,woody,0.7539,17,8,41,Ericameria nauseosa,NA
Eriophorum angustifolium,Cyperaceae,0.326532408,0.280294636,19.2332864,1159.4,non-woody,0.4922,26,8,6,Eriophorum angustifolium,NA
Erythronium grandiflorum,Liliaceae,NA,0.3,NA,2135.49,non-woody,4.0602,13,13,25,Erythronium grandiflorum,NA
Eurybia conspicua,Asteraceae,NA,NA,NA,NA,NA,NA,8,5,8,Eurybia conspicua,NA
Fragaria chiloensis,Rosaceae,NA,0.24,NA,NA,non-woody,0.74,113,51,25,Fragaria chiloensis,NA
Fragaria vesca,Rosaceae,388,0.113880257,18.41902786,1112.11,non-woody,0.3229,113,51,28,Fragaria vesca,NA
Fragaria virginiana,Rosaceae,0.470839011,0.106933128,14.74564927,1285.81,non-woody,0.4771,113,51,76,Fragaria virginiana,NA
Frangula purshiana,Rhamnaceae,NA,10.33,NA,NA,woody,37.9936,52,26,62,Frangula purshiana,NA
Frasera montana,Gentianaceae,NA,NA,NA,NA,NA,NA,5,4,1,Frasera montana,NA
Fritillaria affinis,Liliaceae,NA,NA,NA,NA,non-woody,2.2,17,13,12,Fritillaria affinis,NA
Fritillaria camschatcensis,Liliaceae,NA,NA,NA,NA,NA,NA,34,21,14,Fritillaria camschatcensis,NA
Fritillaria pudica,Liliaceae,NA,0.3,NA,NA,non-woody,2.3157,16,9,20,Fritillaria pudica,NA
Gaillardia aristata,Compositae,NA,0.6,NA,NA,non-woody,8.5401,12,5,19,Gaillardia aristata,NA
Galium aparine,Rubiaceae,0.139310853,0.389570305,25.66632034,159.05,non-woody,7.7522,36,20,19,Galium aparine,NA
Galium triflorum,Rubiaceae,NA,NA,19.05135813,NA,non-woody,0.7321,36,20,19,Galium triflorum,NA
Gaultheria shallon,Ericaceae,NA,1.471306473,8.890435201,3019,woody,0.1191,77,30,82,Gaultheria shallon,NA
Geranium viscosissimum,Geraniaceae,NA,0.91,NA,2505.36,non-woody,8.4895,6,5,12,Geranium viscosissimum,NA
Geum macrophyllum,Rosaceae,0.260357555,0.6,NA,1010.98,non-woody,1.5367,21,18,19,Geum macrophyllum,NA
Geum triflorum,Rosaceae,NA,0.45,14.19803952,828.8,non-woody,0.6286,9,4,26,Geum triflorum,NA
Glaux maritima,Primulaceae,NA,NA,NA,NA,NA,NA,4,3,3,Glaux maritima,NA
Goodyera oblongifolia,Orchidaceae,NA,NA,NA,NA,non-woody,0.0014,17,12,8,Goodyera oblongifolia,NA
Gymnocarpium dryopteris,Cystopteridaceae,164.145816695714,0.205303911,20.87572485,4084.08,non-woody,2.2e-5,4,4,1,Gymnocarpium dryopteris,NA
Hackelia diffusa,Boraginaceae,NA,NA,NA,NA,NA,NA,7,5,1,Hackelia diffusa,NA
Hedysarum alpinum,Leguminosae,NA,0.244948974,38.3,NA,non-woody,6.0681,15,7,12,Hedysarum alpinum,NA
Heracleum maximum,Apiaceae,NA,2.43,NA,12356.38,non-woody,6.5386,102,50,189,Heracleum maximum,NA
Heuchera cylindrica,Saxifragaceae,NA,1.82,NA,NA,non-woody,0.05,17,12,22,Heuchera cylindrica,NA
Hierochloe odorata,Poaceae,0.19,0.350568382,NA,33,non-woody,1.1152,14,8,92,Hierochloe odorata,NA
Holodiscus discolor,Rosaceae,NA,2.928841355,18.03820416,661.42,woody,0.1134,36,26,65,Holodiscus discolor,NA
Hordeum jubatum,Poaceae,0.24441,0.411953429,22.54,181,non-woody,1.6304,17,11,6,Hordeum jubatum,NA
Juncus effusus,Juncaceae,270.228,0.761216973,13.57264734,1402,non-woody,0.0166,9,6,20,Juncus effusus,NA
Juniperus communis,Cupressaceae,407.422515716,3.041436552,11.44467354,20.68,woody,11.7085,66,34,112,Juniperus communis,NA
Juniperus scopulorum,Cupressaceae,NA,11.4582573,13.04468907,NA,woody,15.7658,20,18,131,Juniperus scopulorum,NA
Kalmia microphylla,Ericaceae,NA,0.3,NA,NA,woody,0.01,13,8,6,Kalmia microphylla,NA
Lappula occidentalis,Boraginaceae,NA,NA,NA,NA,NA,NA,7,5,1,Lappula occidentalis,NA
Larix laricina,Pinaceae,NA,23.39932727,15.28582255,33,woody,1.5223,11,6,55,Larix laricina,NA
Larix occidentalis,Pinaceae,NA,50.83738162,16.38228862,25.2,woody,3.2729,15,10,45,Larix occidentalis,NA
Lathyrus japonicus,Leguminosae,NA,0.42837748,NA,NA,non-woody,31.9982,22,15,5,Lathyrus japonicus,NA
Lathyrus nevadensis,Leguminosae,NA,NA,NA,NA,non-woody,16.7,22,15,1,Lathyrus nevadensis,NA
Lathyrus ochroleucus,Leguminosae,NA,0.9,32.9,NA,non-woody,16.64,22,15,5,Lathyrus ochroleucus,NA
Lewisia rediviva,Montiaceae,NA,NA,NA,NA,non-woody,2.611,21,13,50,Lewisia rediviva,NA
Leymus cinereus,Poaceae,NA,1.52,NA,NA,non-woody,3.0444,15,10,18,Leymus cinereus,NA
Leymus mollis,Poaceae,NA,1.21,NA,NA,non-woody,NA,17,11,18,Leymus mollis,NA
Ligusticum canbyi,Apiaceae,NA,NA,NA,NA,NA,NA,11,8,19,Ligusticum canbyi,NA
Ligusticum scoticum,Apiaceae,NA,0.52,NA,3162,non-woody,3.7199,12,4,5,Ligusticum scoticum,NA
Lilium columbianum,Liliaceae,NA,NA,NA,NA,non-woody,2.55,34,22,27,Lilium columbianum,NA
Linnaea borealis,Caprifoliaceae,0.25,0.17717347,9.304296068,92.96,non-woody,1.1894,8,8,6,Linnaea borealis,NA
Lithospermum ruderale,Boraginaceae,NA,0.45,NA,NA,non-woody,10.2411,15,6,23,Lithospermum ruderale,NA
Lomatium canbyi,Apiaceae,NA,0.24,NA,NA,non-woody,4.5796,8,6,8,Lomatium canbyi,NA
Lomatium cous,Apiaceae,NA,0.24,NA,NA,non-woody,4.52,14,10,12,Lomatium cous,NA
Lomatium dissectum,Apiaceae,NA,1.4,NA,NA,non-woody,13.9235,10,7,40,Lomatium dissectum,NA
Lomatium geyeri,Apiaceae,NA,NA,NA,NA,NA,NA,3,3,1,Lomatium geyeri,NA
Lomatium macrocarpum,Apiaceae,NA,NA,NA,NA,NA,NA,10,8,40,Lomatium macrocarpum,NA
Lomatium nudicaule,Apiaceae,NA,NA,NA,NA,non-woody,15.6694,25,18,54,Lomatium nudicaule,NA
Lonicera ciliosa,Caprifoliaceae,NA,NA,NA,NA,woody,12.21,36,18,25,Lonicera ciliosa,NA
Lonicera involucrata,Caprifoliaceae,NA,3.04,NA,3198.17,woody,1.517,68,34,72,Lonicera involucrata,NA
Lupinus nootkatensis,Leguminosae,NA,0.774596669,NA,NA,non-woody,21.5444,18,12,2,Lupinus nootkatensis,NA
Lupinus polyphyllus,Leguminosae,0.169670323,1.159253422,32.93508767,1460.17,non-woody,22.4556,22,14,6,Lupinus polyphyllus,NA
Lycopodium clavatum,Lycopodiaceae,380.19,0.126025349,8.344249731,2.39,non-woody,9.41e-6,26,17,11,Lycopodium clavatum,NA
Lysichiton americanus,Araceae,NA,1.1,NA,NA,non-woody,54.5368,78,44,111,Lysichiton americanus,NA
Mahonia aquifolium,Berberidaceae,NA,NA,NA,NA,NA,NA,68,29,58,Mahonia aquifolium,NA
Mahonia nervosa,Berberidaceae,NA,NA,NA,NA,NA,NA,68,29,33,Mahonia nervosa,NA
Maianthemum dilatatum,Asparagaceae,NA,1.071954446,NA,9050,non-woody,24.7677,42,21,15,Maianthemum dilatatum,NA
Maianthemum racemosum subsp. amplexicaule,Liliaceae,NA,NA,NA,NA,NA,NA,38,21,3,Maianthemum racemosum,subsp. amplexicaule
Malus fusca,Rosaceae,NA,7.463799301,NA,NA,woody,9.5443,95,33,90,Malus fusca,NA
Mentha arvensis,Lamiaceae,0.171148565,0.293615646,15.13,566.07,non-woody,0.1483,30,19,208,Mentha arvensis,NA
Menziesia ferruginea,Ericaceae,NA,0.8,NA,NA,woody,NA,20,17,9,Menziesia ferruginea,NA
Moneses uniflora,Ericaceae,0.27,0.053078369,20.4,358.33,non-woody,0.002,11,10,14,Moneses uniflora,NA
Monotropa uniflora,Ericaceae,NA,NA,19.7,NA,non-woody,NA,5,4,12,Monotropa uniflora,NA
Myrica gale,Myricaceae,345,1.411935754,25.45584412,144.78,woody,1.1498,5,5,8,Myrica gale,NA
Nicotiana attenuata,Solanaceae,NA,NA,NA,NA,non-woody,0.13,56,32,76,Nicotiana attenuata,NA
Nicotiana quadrivalvis,Solanaceae,NA,NA,NA,NA,NA,0.11,56,32,11,Nicotiana quadrivalvis,NA
Nicotiana tabacum,Solanaceae,NA,1.709378663,NA,9050,non-woody,0.0428,56,32,44,Nicotiana tabacum,NA
Nuphar lutea,Nymphaeaceae,0.180974936,0.45,35.85847,24904.2,non-woody,48.0206,62,39,1,Nuphar lutea,NA
Oemleria cerasiformis,Rosaceae,NA,1.949358869,19.2,1170,woody,181.5331,23,14,26,Oemleria cerasiformis,NA
Oenanthe sarmentosa,Apiaceae,NA,NA,NA,NA,non-woody,2.7279,13,10,17,Oenanthe sarmentosa,NA
Oplopanax horridus,Araliaceae,NA,NA,NA,NA,woody,18.64,68,44,157,Oplopanax horridus,NA
Opuntia fragilis,Cactaceae,NA,NA,NA,NA,non-woody,21.6208,16,13,14,Opuntia fragilis,NA
Opuntia polyacantha,Cactaceae,NA,0.6,NA,NA,non-woody,7.4187,16,13,46,Opuntia polyacantha,NA
Osmorhiza berteroi,Apiaceae,NA,NA,NA,NA,non-woody,5.88,11,8,23,Osmorhiza berteroi,NA
Osmorhiza occidentalis,Apiaceae,NA,1.21,NA,345.32,non-woody,13.2701,8,6,70,Osmorhiza occidentalis,NA
Oxalis oregana,Oxalidaceae,NA,0.04,NA,675,non-woody,3.5683,7,5,18,Oxalis oregana,NA
Oxyria digyna,Polygonaceae,0.09,0.100040551,43.67757953,375.01,non-woody,0.6359,8,4,11,Oxyria digyna,NA
Paxistima myrsinites,Celastraceae,NA,1,NA,102.58,woody,NA,10,5,16,Paxistima myrsinites,NA
Penstemon fruticosus,Plantaginaceae,NA,0.6,NA,NA,woody,0.6571,11,4,27,Penstemon fruticosus,NA
Perideridia gairdneri,Apiaceae,NA,1.21,NA,NA,non-woody,0.8769,28,16,39,Perideridia gairdneri,NA
Petasites frigidus,Compositae,NA,0.125,24.4059419,NA,non-woody,0.7968,21,14,13,Petasites frigidus,NA
Phalaris arundinacea,Poaceae,186.847180445758,1.342179414,22.15447907,2344.28,non-woody,0.669,21,15,3,Phalaris arundinacea,NA
Philadelphus lewisii,Hydrangeaceae,NA,3.65,NA,NA,woody,0.0992,22,15,48,Philadelphus lewisii,NA
Phyllospadix scouleri,Zosteraceae,NA,NA,NA,NA,NA,NA,10,5,4,Phyllospadix scouleri,NA
Physocarpus capitatus,Rosaceae,NA,2.43,NA,NA,woody,0.7306,12,11,19,Physocarpus capitatus,NA
Physocarpus malvaceus,Rosaceae,NA,1.792375154,NA,NA,woody,0.6548,12,11,3,Physocarpus malvaceus,NA
Picea engelmannii,Pinaceae,NA,35.29363732,9.981690298,29.39,woody,3.2352,43,26,24,Picea engelmannii,NA
Picea glauca,Pinaceae,513.4,25.8348762,10.63662706,23.72,woody,2.4515,43,26,166,Picea glauca,NA
Picea mariana,Pinaceae,NA,19.76011127,8.37922413,30,woody,1.1325,21,13,81,Picea mariana,NA
Picea sitchensis,Pinaceae,183.834432519292,55.11326253,11.17514256,17.99,woody,2.3678,56,31,136,Picea sitchensis,NA
Pinus albicaulis,Pinaceae,NA,16.69885319,10.35,NA,woody,144.2337,31,14,13,Pinus albicaulis,NA
Pinus contorta,Pinaceae,NA,21.37252117,11.31399704,50,woody,4.2359,81,42,103,Pinus contorta,NA
Pinus monticola,Pinaceae,NA,63.19708609,14.55555556,NA,woody,18.0794,43,26,28,Pinus monticola,NA
Pinus ponderosa,Pinaceae,0.246394809333333,38.30074011,11.1695215,160,woody,35.7087,24,15,138,Pinus ponderosa,NA
Plantago major,Plantaginaceae,0.1596663,0.166581764,18.80325799,4852.23,non-woody,0.2197,37,23,93,Plantago major,NA
Plantago maritima,Plantaginaceae,NA,0.192142876,15.37,749.42,non-woody,0.5613,6,4,2,Plantago maritima,NA
Platanthera dilatata,Orchidaceae,NA,NA,NA,NA,non-woody,0.03,8,6,2,Platanthera dilatata,NA
Platanthera stricta,Orchidaceae,NA,NA,NA,NA,NA,NA,8,6,1,Platanthera stricta,NA
Polypodium glycyrrhiza,Polypodiaceae,NA,NA,NA,NA,NA,NA,39,30,33,Polypodium glycyrrhiza,NA
Polystichum munitum,Dryopteridaceae,NA,1.06,NA,NA,non-woody,1.94e-5,71,29,59,Polystichum munitum,NA
Populus balsamifera,Salicaceae,NA,18.33734857,17.56593597,2774,woody,1.0156,94,51,17,Populus balsamifera,NA
Populus balsamifera subsp. trichocarpa,Salicaceae,NA,NA,NA,NA,NA,NA,94,51,92,Populus balsamifera,subsp. trichocarpa
Populus tremuloides,Salicaceae,365.3545907044,16.70656374,20.80417917,2066.58,woody,0.117,55,32,117,Populus tremuloides,NA
Potamogeton natans,Potamogetonaceae,0.206473961,0.1334681635,38.11417833,2369.5,non-woody,5.7488,9,7,2,Potamogeton natans,NA
Prunus emarginata,Rosaceae,NA,7.151135165,NA,2467.61,woody,43.3912,80,35,95,Prunus emarginata,NA
Prunus pensylvanica,Rosaceae,NA,11.10910705,23.47781293,2047.7,woody,39.0131,80,35,52,Prunus pensylvanica,NA
Prunus virginiana,Rosaceae,NA,5.99539284,18.85670178,975.08,woody,65.8145,46,20,165,Prunus virginiana,NA
Pseudoroegneria spicata,Poaceae,NA,NA,NA,NA,NA,NA,11,9,2,Pseudoroegneria spicata,NA
Pseudotsuga menziesii,Pinaceae,NA,65.27951123,11.84097595,31.17,woody,12.6048,86,43,87,Pseudotsuga menziesii,NA
Pteridium aquilinum,Dennstaedtiaceae,298,1.611970256,25.01895541,140000,non-woody,2.2e-5,90,40,80,Pteridium aquilinum,NA
Pterospora andromedea,Ericaceae,NA,NA,NA,NA,non-woody,0.0034,5,5,15,Pterospora andromedea,NA
Purshia tridentata,Rosaceae,NA,1.82,22.04273525,29,woody,23.6005,7,3,59,Purshia tridentata,NA
Pyrola asarifolia,Ericaceae,NA,NA,13,NA,non-woody,0.007,7,7,7,Pyrola asarifolia,NA
Quercus garryana,Fagaceae,NA,20.69145058,NA,NA,woody,4405.2792,17,11,26,Quercus garryana,NA
Ranunculus acris,Ranunculaceae,186.150573339905,0.351530095,25.73587504,595.19,non-woody,1.4466,10,4,14,Ranunculus acris,NA
Ranunculus glaberrimus,Ranunculaceae,NA,0.15,NA,NA,non-woody,4.7958,20,9,6,Ranunculus glaberrimus,NA
Ranunculus occidentalis,Ranunculaceae,NA,NA,NA,NA,non-woody,2.4886,10,4,2,Ranunculus occidentalis,NA
Rhodiola rosea,Crassulaceae,104.25,0.166666666666667,3.121289024,167,non-woody,0.15,10,4,12,Rhodiola rosea,NA
Rhododendron albiflorum,Ericaceae,NA,1.82,NA,NA,woody,0.0812,5,3,12,Rhododendron albiflorum,NA
Rhododendron columbianum,Ericaceae,NA,NA,NA,NA,NA,NA,92,43,2,Rhododendron columbianum,NA
Rhododendron groenlandicum,Ericaceae,NA,NA,NA,NA,NA,NA,92,43,96,Rhododendron groenlandicum,NA
Rhus glabra,Anacardiaceae,41.00164505,2.847025404,17.72816213,7137.6,woody,8.3723,7,6,108,Rhus glabra,NA
Ribes aureum,Grossulariaceae,NA,1.775443065,NA,NA,woody,2.3226,9,6,22,Ribes aureum,NA
Ribes bracteosum,Grossulariaceae,NA,0.8,NA,NA,woody,NA,52,26,24,Ribes bracteosum,NA
Ribes cereum,Grossulariaceae,NA,0.91,NA,NA,woody,1.7009,16,8,21,Ribes cereum,NA
Ribes divaricatum,Grossulariaceae,NA,3.2,22.8,1198,woody,2.06,89,41,40,Ribes divaricatum,NA
Ribes glandulosum,Grossulariaceae,NA,0.8,NA,2422.52,woody,NA,52,21,6,Ribes glandulosum,NA
Ribes hudsonianum,Grossulariaceae,NA,1.52,NA,NA,woody,0.5273,34,19,24,Ribes hudsonianum,NA
Ribes inerme,Grossulariaceae,NA,2.43,NA,NA,woody,1.4998,89,41,7,Ribes inerme,NA
Ribes lacustre,Grossulariaceae,NA,0.91,NA,NA,woody,0.8954,75,31,40,Ribes lacustre,NA
Ribes laxiflorum,Grossulariaceae,NA,0.8,NA,NA,woody,NA,52,21,19,Ribes laxiflorum,NA
Ribes lobbii,Grossulariaceae,NA,NA,NA,NA,NA,NA,89,41,16,Ribes lobbii,NA
Ribes oxyacanthoides,Grossulariaceae,NA,NA,NA,NA,woody,1.22,89,41,13,Ribes oxyacanthoides,NA
Ribes sanguineum,Grossulariaceae,NA,1.827626261,25.4,3295,woody,2.4805,26,11,17,Ribes sanguineum,NA
Ribes triste,Grossulariaceae,NA,0.6,NA,NA,woody,2.1,19,9,22,Ribes triste,NA
Rosa acicularis,Rosaceae,NA,1.21,10.64706532,NA,woody,12.4362,164,57,67,Rosa acicularis,NA
Rosa gymnocarpa,Rosaceae,NA,0.91,NA,NA,woody,19.8729,28,11,33,Rosa gymnocarpa,NA
Rosa nutkana,Rosaceae,NA,3.04,NA,NA,woody,11.8379,164,57,71,Rosa nutkana,NA
Rosa pisocarpa,Rosaceae,NA,0.91,NA,NA,woody,4.6664,164,57,25,Rosa pisocarpa,NA
Rosa woodsii,Rosaceae,NA,0.995671983,14.91,714.9,woody,7.9235,164,57,60,Rosa woodsii,NA
Rubus arcticus,Rosaceae,NA,0.3,NA,NA,non-woody,1.67,17,7,14,Rubus arcticus,NA
Rubus chamaemorus,Rosaceae,0.259069653,0.103487298,21.87553983,1923.79,non-woody,8.0548,27,14,33,Rubus chamaemorus,NA
Rubus idaeus,Rosaceae,192.625601433656,0.939938363,23.31509906,2198.09,woody,1.7657,77,42,72,Rubus idaeus,NA
Rubus leucodermis,Rosaceae,NA,0.3,NA,NA,woody,0.9941,66,30,68,Rubus leucodermis,NA
Rubus parviflorus,Rosaceae,NA,1.475804865,21.9,15257,woody,1.1531,152,49,103,Rubus parviflorus,NA
Rubus pedatus,Rosaceae,NA,NA,NA,NA,NA,NA,21,12,5,Rubus pedatus,NA
Rubus pubescens,Rosaceae,NA,NA,19.32149063,4175.16,woody,NA,12,7,13,Rubus pubescens,NA
Rubus spectabilis,Rosaceae,NA,3.079363449,NA,NA,woody,3.158,170,41,99,Rubus spectabilis,NA
Rubus ursinus,Rosaceae,NA,1.2,20.1,1793,woody,1.9077,65,27,24,Rubus ursinus,NA
Rumex aquaticus,Polygonaceae,0.14,1.074755854,35.52,21992.29,non-woody,2.1067,35,24,25,Rumex aquaticus,NA
Sagittaria cuneata,Alismataceae,NA,0.79,NA,NA,non-woody,1.1629,34,17,13,Sagittaria cuneata,NA
Sagittaria latifolia,Alismataceae,NA,1.49,NA,1321.57,non-woody,6.75,34,17,34,Sagittaria latifolia,NA
Salix bebbiana,Salicaceae,NA,4.36592131,21.1,NA,woody,0.18,118,49,22,Salix bebbiana,NA
Salix discolor,Salicaceae,NA,6.9828361,NA,1484.53,woody,0.32,118,49,27,Salix discolor,NA
Salix exigua,Salicaceae,NA,5.513619501,NA,NA,woody,0.0621,17,7,57,Salix exigua,NA
Salix hookeriana,Salicaceae,NA,7.92,NA,NA,woody,NA,118,49,10,Salix hookeriana,NA
Salix lucida,Salicaceae,NA,10.81287166,29.6,1974,woody,0.0825,39,25,8,Salix lucida,NA
Salix scouleriana,Salicaceae,NA,8.479071929,NA,NA,woody,0.0624,118,49,33,Salix scouleriana,NA
Salix sitchensis,Salicaceae,NA,7.01,NA,NA,woody,0.0621,118,49,28,Salix sitchensis,NA
Sambucus nigra,Adoxaceae,161.55174082934099,4.513290405,35.90688506,1060.6,woody,3.1067,38,23,13,Sambucus nigra,NA
Sambucus racemosa,Adoxaceae,176.761666666667,2.439435479,52.356573,1868.02,woody,1.8391,97,43,72,Sambucus racemosa,NA
Schoenoplectus acutus,Cyperaceae,NA,2.98,NA,NA,non-woody,2.19,59,31,70,Schoenoplectus acutus,NA
Schoenoplectus americanus,Cyperaceae,NA,NA,13.27906556,NA,non-woody,1.6931,8,6,15,Schoenoplectus americanus,NA
Scirpus microcarpus,Cyperaceae,0.360957598,1.246682581,15.01430186,5839.17,non-woody,0.1082,22,16,9,Scirpus microcarpus,NA
Sedum divergens,Crassulaceae,NA,NA,NA,NA,NA,NA,16,11,11,Sedum divergens,NA
Shepherdia canadensis,Elaeagnaceae,NA,1.82,33,NA,woody,8.1352,94,46,127,Shepherdia canadensis,NA
Sium suave,Apiaceae,NA,NA,1.7,NA,non-woody,0.8,12,10,21,Sium suave,NA
Solidago canadensis,Compositae,0.284464623,0.816947234,16.25032178,894.72,non-woody,0.0752,13,5,29,Solidago canadensis,NA
Sorbus scopulina,Rosaceae,NA,4.052776826,NA,4812,woody,3.0406,50,27,5,Sorbus scopulina,NA
Sorbus sitchensis,Rosaceae,NA,4.713407504,20.45865472,NA,woody,3.222,50,27,13,Sorbus sitchensis,NA
Spiraea betulifolia,Rosaceae,NA,0.91,NA,NA,woody,0.2917,17,10,13,Spiraea betulifolia,NA
Spiraea douglasii,Rosaceae,NA,1.787456293,NA,NA,woody,0.1532,14,13,5,Spiraea douglasii,NA
Streptopus amplexifolius,Liliaceae,NA,0.579889,NA,2957.04,non-woody,2.0416,42,19,24,Streptopus amplexifolius,NA
Symphoricarpos albus,Caprifoliaceae,358.885,1.560812225,14.50379607,1318.87,woody,6.742,84,34,79,Symphoricarpos albus,NA
Taxus brevifolia,Taxaceae,NA,12.73489627,NA,40,woody,29.9289,65,39,127,Taxus brevifolia,NA
Thalictrum occidentale,Ranunculaceae,NA,NA,NA,NA,non-woody,3.7,3,3,14,Thalictrum occidentale,NA
Thuja plicata,Cupressaceae,NA,48.29183056,11.83504708,NA,woody,1.2858,154,55,368,Thuja plicata,NA
Toxicodendron rydbergii,Anacardiaceae,NA,NA,NA,NA,NA,NA,21,9,3,Toxicodendron rydbergii,NA
Trifolium wormskioldii,Leguminosae,NA,1.06,NA,NA,non-woody,0.6956,16,12,21,Trifolium wormskioldii,NA
Triglochin maritima,Juncaginaceae,0.125570724,0.40165977,NA,394.64,non-woody,0.5842,8,7,6,Triglochin maritima,NA
Trillium ovatum,Melanthiaceae,NA,NA,NA,NA,non-woody,11.42,16,11,10,Trillium ovatum,NA
Trillium petiolatum,Liliaceae,NA,NA,NA,NA,NA,NA,16,11,1,Trillium petiolatum,NA
Triteleia grandiflora,Asparagaceae,NA,0.6,NA,NA,non-woody,1.2,9,6,11,Triteleia grandiflora,NA
Tsuga heterophylla,Pinaceae,NA,45.14083248,11.9005052,75,woody,1.7356,86,41,160,Tsuga heterophylla,NA
Tsuga mertensiana,Pinaceae,NA,38.1,11.97012949,NA,woody,3.9083,86,41,19,Tsuga mertensiana,NA
Typha latifolia,Typhaceae,0.191656794,1.525828105,14.43017547,17369.99,non-woody,0.0576,107,43,254,Typha latifolia,NA
Urtica dioica,Urticaceae,186.137774555625,0.88302413,42.91725378,1552.74,non-woody,0.1399,84,53,63,Urtica dioica,NA
Vaccinium caespitosum,Ericaceae,NA,0.20215,NA,176.32,woody,0.1016,59,29,25,Vaccinium caespitosum,NA
Vaccinium membranaceum,Ericaceae,NA,1.37,NA,NA,woody,0.1604,85,41,43,Vaccinium membranaceum,NA
Vaccinium myrtilloides,Ericaceae,NA,4.389760814,15.78529749,293.99,woody,0.2,37,18,40,Vaccinium myrtilloides,NA
Vaccinium myrtillus,Ericaceae,246.71350417526,0.223988528,16.39812025,145.27,woody,0.2917,11,7,1,Vaccinium myrtillus,NA
Vaccinium ovalifolium,Ericaceae,NA,2.43,NA,NA,woody,0.2734,97,46,75,Vaccinium ovalifolium,NA
Vaccinium ovatum,Ericaceae,NA,2.43,6.841052551,NA,woody,NA,21,10,32,Vaccinium ovatum,NA
Vaccinium oxycoccos,Ericaceae,279.456800106967,0.444145533,15.33,16.2,woody,0.717,75,37,59,Vaccinium oxycoccos,NA
Vaccinium parvifolium,Ericaceae,NA,3.65,NA,NA,woody,0.1895,82,37,58,Vaccinium parvifolium,NA
Vaccinium scoparium,Ericaceae,NA,0.6,NA,NA,woody,1.6176,11,7,13,Vaccinium scoparium,NA
Vaccinium uliginosum,Ericaceae,390.764675093333,0.172680858,21.85698336,81.46,woody,0.2143,58,26,36,Vaccinium uliginosum,NA
Vaccinium vitis-idaea,Ericaceae,NA,0.139586675,10.57435117,75.3,woody,0.3088,36,18,30,Vaccinium vitis-idaea,NA
Valeriana edulis,Caprifoliaceae,NA,NA,NA,2349.53,non-woody,NA,14,8,18,Valeriana edulis,NA
Valeriana sitchensis,Caprifoliaceae,NA,NA,NA,NA,non-woody,1.7373,14,7,25,Valeriana sitchensis,NA
Veratrum viride,Melanthiaceae,NA,NA,NA,NA,non-woody,1.33,59,38,121,Veratrum viride,NA
Viburnum edule,Adoxaceae,NA,0.6,NA,2408.66,woody,34.6917,96,41,63,Viburnum edule,NA
Viburnum opulus,Adoxaceae,167.872437053038,2.808383402,21.57677792,3016.08,woody,27.4292,96,41,15,Viburnum opulus,NA
Vicia nigricans subsp. gigantea,Fabaceae,NA,NA,NA,NA,NA,NA,23,13,8,Vicia nigricans,subsp. gigantea
Viola adunca,Violaceae,NA,0.0298,15.87450787,157.63,non-woody,0.79,8,7,9,Viola adunca,NA
Xerophyllum tenax,Melanthiaceae,NA,1.52,NA,NA,non-woody,2.0447,27,20,26,Xerophyllum tenax,NA
Zigadenus elegans,Liliaceae,NA,NA,NA,NA,NA,NA,17,13,12,Zigadenus elegans,NA
Zigadenus venenosus,Liliaceae,NA,NA,NA,NA,NA,NA,17,13,30,Zigadenus venenosus,NA
Zostera marina,Zosteraceae,0.11,0.547722558,NA,3162,non-woody,NA,26,16,12,Zostera marina,NA
