Species,LEVEL1
Abies amabilis,6
Abies amabilis,7
Abies amabilis,10
Abies grandis,6
Abies grandis,7
Abies grandis,10
Abies grandis,5
Abies lasiocarpa,6
Abies lasiocarpa,10
Abies lasiocarpa,7
Abies lasiocarpa,3
Abies lasiocarpa,5
Juniperus communis,10
Juniperus communis,6
Juniperus communis,7
Juniperus communis,3
Juniperus communis,5
Juniperus communis,2
Juniperus scopulorum,6
Juniperus scopulorum,10
Juniperus scopulorum,7
Juniperus scopulorum,5
Larix laricina,3
Larix laricina,5
Larix laricina,6
Larix laricina,7
Larix occidentalis,6
Larix occidentalis,10
Larix occidentalis,7
Picea engelmannii,6
Picea engelmannii,10
Picea engelmannii,7
Picea engelmannii,3
Picea engelmannii,5
Picea glauca,7
Picea glauca,6
Picea glauca,2
Picea glauca,3
Picea glauca,5
Picea glauca,10
Picea mariana,3
Picea mariana,2
Picea mariana,6
Picea mariana,7
Picea mariana,5
Picea mariana,10
Picea sitchensis,7
Picea sitchensis,6
Picea sitchensis,10
Picea sitchensis,2
Pinus contorta,6
Pinus contorta,7
Pinus contorta,10
Pinus contorta,3
Pinus contorta,5
Pinus monticola,6
Pinus monticola,10
Pinus monticola,7
Pinus ponderosa,10
Pinus ponderosa,6
Pinus ponderosa,7
Pseudotsuga menziesii,6
Pseudotsuga menziesii,7
Pseudotsuga menziesii,10
Pseudotsuga menziesii,5
Taxus brevifolia,7
Taxus brevifolia,6
Taxus brevifolia,10
Thuja plicata,6
Thuja plicata,7
Thuja plicata,10
Tsuga heterophylla,6
Tsuga heterophylla,7
Tsuga heterophylla,10
Tsuga heterophylla,5
Tsuga mertensiana,6
Tsuga mertensiana,7
Tsuga mertensiana,10
Equisetum arvense,6
Equisetum arvense,5
Equisetum arvense,7
Equisetum arvense,3
Equisetum arvense,2
Equisetum arvense,10
Equisetum telmateia,6
Equisetum telmateia,7
Equisetum telmateia,10
Equisetum hyemale,3
Equisetum hyemale,6
Equisetum hyemale,10
Equisetum hyemale,7
Equisetum hyemale,5
Equisetum hyemale,2
Lycopodium clavatum,6
Lycopodium clavatum,7
Lycopodium clavatum,2
Lycopodium clavatum,3
Lycopodium clavatum,5
Lycopodium clavatum,10
Adiantum aleuticum,6
Adiantum aleuticum,7
Adiantum aleuticum,10
Athyrium filix-femina,6
Athyrium filix-femina,7
Athyrium filix-femina,10
Athyrium filix-femina,5
Athyrium filix-femina,3
Athyrium filix-femina,2
Blechnum spicant,6
Blechnum spicant,7
Blechnum spicant,3
Blechnum spicant,10
Dryopteris expansa,6
Dryopteris expansa,7
Dryopteris expansa,10
Dryopteris expansa,3
Dryopteris expansa,5
Dryopteris expansa,2
Gymnocarpium dryopteris,6
Gymnocarpium dryopteris,7
Gymnocarpium dryopteris,10
Gymnocarpium dryopteris,3
Gymnocarpium dryopteris,5
Gymnocarpium dryopteris,2
Polypodium glycyrrhiza,7
Polypodium glycyrrhiza,6
Polypodium glycyrrhiza,10
Polypodium glycyrrhiza,2
Polypodium glycyrrhiza,3
Polystichum munitum,6
Polystichum munitum,7
Polystichum munitum,10
Polystichum munitum,3
Pteridium aquilinum,6
Pteridium aquilinum,7
Pteridium aquilinum,10
Pteridium aquilinum,5
Pteridium aquilinum,3
Acer circinatum,6
Acer circinatum,7
Acer circinatum,10
Acer glabrum,7
Acer glabrum,6
Acer glabrum,10
Acer macrophyllum,6
Acer macrophyllum,7
Acer macrophyllum,10
Achlys triphylla,6
Achlys triphylla,7
Achlys triphylla,10
Actaea rubra,6
Actaea rubra,7
Actaea rubra,10
Actaea rubra,5
Actaea rubra,3
Agoseris glauca,6
Agoseris glauca,10
Agoseris glauca,7
Agoseris glauca,5
Agoseris glauca,3
Allium cernuum,6
Allium cernuum,10
Allium cernuum,7
Allium cernuum,3
Allium cernuum,5
Allium schoenoprasum,3
Allium schoenoprasum,6
Allium schoenoprasum,10
Allium schoenoprasum,5
Allium schoenoprasum,2
Allium schoenoprasum,7
Allium geyeri,6
Allium geyeri,10
Allium geyeri,7
Alnus incana,6
Alnus incana,7
Alnus incana,3
Alnus incana,10
Alnus incana,2
Alnus incana,5
Alnus viridis,6
Alnus viridis,3
Alnus viridis,5
Alnus viridis,7
Alnus viridis,2
Alnus viridis,10
Alnus rubra,7
Alnus rubra,6
Alnus rubra,10
Amelanchier alnifolia,10
Amelanchier alnifolia,6
Amelanchier alnifolia,7
Amelanchier alnifolia,5
Amelanchier alnifolia,3
Anemone multifida,6
Anemone multifida,7
Anemone multifida,10
Anemone multifida,3
Anemone multifida,5
Anemone multifida,2
Angelica genuflexa,7
Angelica genuflexa,6
Angelica genuflexa,10
Angelica genuflexa,2
Angelica lucida,7
Angelica lucida,6
Angelica lucida,2
Angelica lucida,3
Antennaria neglecta,6
Antennaria neglecta,5
Antennaria neglecta,10
Antennaria neglecta,7
Antennaria neglecta,3
Apocynum cannabinum,6
Apocynum cannabinum,10
Apocynum cannabinum,5
Apocynum cannabinum,7
Apocynum androsaemifolium,10
Apocynum androsaemifolium,6
Apocynum androsaemifolium,7
Apocynum androsaemifolium,5
Apocynum androsaemifolium,3
Aquilegia formosa,6
Aquilegia formosa,10
Aquilegia formosa,7
Aquilegia formosa,5
Aquilegia formosa,3
Aralia nudicaulis,5
Aralia nudicaulis,6
Aralia nudicaulis,3
Aralia nudicaulis,10
Aralia nudicaulis,7
Arbutus menziesii,6
Arbutus menziesii,7
Arctostaphylos uva-ursi,6
Arctostaphylos uva-ursi,7
Arctostaphylos uva-ursi,10
Arctostaphylos uva-ursi,5
Arctostaphylos uva-ursi,3
Arctostaphylos uva-ursi,2
Argentina egedii,7
Argentina anserina,6
Argentina anserina,10
Argentina anserina,5
Argentina anserina,7
Arnica cordifolia,6
Arnica cordifolia,10
Arnica cordifolia,7
Arnica cordifolia,3
Arnica cordifolia,5
Artemisia dracunculus,10
Artemisia dracunculus,6
Artemisia dracunculus,3
Artemisia dracunculus,5
Artemisia dracunculus,7
Artemisia frigida,6
Artemisia frigida,10
Artemisia frigida,3
Artemisia frigida,2
Artemisia frigida,7
Artemisia frigida,5
Artemisia ludoviciana,6
Artemisia ludoviciana,10
Artemisia ludoviciana,7
Artemisia ludoviciana,3
Artemisia ludoviciana,5
Artemisia tilesii,2
Artemisia tilesii,3
Artemisia tilesii,7
Artemisia tilesii,6
Artemisia tilesii,10
Artemisia tridentata,10
Artemisia tridentata,6
Artemisia tridentata,7
Aruncus dioicus,7
Aruncus dioicus,6
Aruncus dioicus,2
Asclepias speciosa,10
Asclepias speciosa,6
Asclepias speciosa,7
Asclepias speciosa,5
Balsamorhiza sagittata,10
Balsamorhiza sagittata,6
Balsamorhiza sagittata,7
Betula nana,6
Betula nana,3
Betula nana,2
Betula nana,7
Betula nana,10
Betula pumila,5
Betula pumila,3
Betula pumila,6
Betula pumila,7
Betula pumila,10
Betula occidentalis,6
Betula occidentalis,3
Betula occidentalis,10
Betula occidentalis,2
Betula occidentalis,5
Betula occidentalis,7
Betula papyrifera,7
Betula papyrifera,6
Betula papyrifera,3
Betula papyrifera,2
Betula papyrifera,5
Betula papyrifera,10
Boschniakia hookeri,7
Boschniakia hookeri,6
Boschniakia rossica,6
Boschniakia rossica,2
Boschniakia rossica,3
Boschniakia rossica,7
Bromus carinatus,10
Bromus carinatus,6
Bromus carinatus,7
Calamagrostis rubescens,6
Calamagrostis rubescens,10
Calamagrostis rubescens,7
Calamagrostis rubescens,5
Calochortus macrocarpus,10
Calochortus macrocarpus,6
Calochortus macrocarpus,7
Camassia quamash,6
Camassia quamash,7
Camassia quamash,10
Camassia quamash,5
Camassia leichtlinii,6
Camassia leichtlinii,7
Campanula rotundifolia,6
Campanula rotundifolia,10
Campanula rotundifolia,3
Campanula rotundifolia,5
Campanula rotundifolia,7
Carex obnupta,7
Carex obnupta,6
Carex obnupta,10
Carex rostrata,6
Carex rostrata,3
Carex rostrata,10
Carex rostrata,5
Carex rostrata,7
Carex rostrata,2
Castilleja miniata,6
Castilleja miniata,10
Castilleja miniata,7
Castilleja miniata,5
Castilleja miniata,3
Castilleja hispida,7
Castilleja hispida,6
Castilleja hispida,10
Castilleja hispida,5
Castilleja hispida,3
Ceanothus sanguineus,6
Ceanothus sanguineus,7
Ceanothus sanguineus,10
Ceanothus velutinus,6
Ceanothus velutinus,10
Ceanothus velutinus,7
Chenopodium capitatum,6
Chenopodium capitatum,3
Chenopodium capitatum,10
Chenopodium capitatum,5
Chenopodium capitatum,7
Chimaphila umbellata,6
Chimaphila umbellata,7
Chimaphila umbellata,10
Chimaphila umbellata,3
Chimaphila umbellata,5
Cicuta douglasii,6
Cicuta douglasii,7
Cicuta douglasii,10
Cicuta douglasii,3
Cicuta douglasii,2
Cicuta douglasii,5
Cicuta virosa,6
Cicuta virosa,3
Cicuta virosa,5
Cicuta virosa,2
Cicuta virosa,7
Cicuta virosa,10
Cirsium brevistylum,6
Cirsium brevistylum,7
Cirsium brevistylum,10
Cirsium edule,7
Cirsium edule,6
Cirsium edule,10
Cirsium hookerianum,6
Cirsium hookerianum,5
Cirsium hookerianum,10
Cirsium hookerianum,7
Cirsium undulatum,6
Cirsium undulatum,10
Cirsium undulatum,7
Cirsium undulatum,5
Claytonia lanceolata,10
Claytonia lanceolata,6
Claytonia lanceolata,7
Claytonia lanceolata,5
Claytonia sibirica,6
Claytonia sibirica,7
Claytonia sibirica,10
Claytonia sibirica,2
Clematis columbiana,10
Clematis columbiana,6
Clematis occidentalis,6
Clematis occidentalis,10
Clematis occidentalis,5
Clematis ligusticifolia,10
Clematis ligusticifolia,6
Clematis ligusticifolia,7
Clematis ligusticifolia,5
Clintonia uniflora,6
Clintonia uniflora,7
Clintonia uniflora,10
Comandra umbellata,6
Comandra umbellata,10
Comandra umbellata,5
Comandra umbellata,7
Comandra umbellata,3
Comarum palustre,7
Comarum palustre,6
Comarum palustre,10
Comarum palustre,2
Comarum palustre,3
Comarum palustre,5
Conioselinum gmelinii,7
Cornus canadensis,10
Cornus canadensis,7
Cornus canadensis,6
Cornus canadensis,3
Cornus canadensis,5
Cornus canadensis,2
Cornus unalaschkensis,6
Cornus unalaschkensis,7
Cornus unalaschkensis,10
Cornus unalaschkensis,3
Cornus unalaschkensis,2
Cornus suecica,7
Cornus suecica,6
Cornus suecica,10
Cornus suecica,2
Cornus suecica,3
Cornus nuttallii,6
Cornus nuttallii,7
Cornus nuttallii,10
Cornus sericea,7
Cornus sericea,6
Cornus sericea,10
Cornus sericea,3
Cornus sericea,5
Corylus cornuta,6
Corylus cornuta,10
Corylus cornuta,7
Corylus cornuta,5
Crataegus douglasii,6
Crataegus douglasii,10
Crataegus douglasii,7
Delphinium nuttallianum,10
Delphinium nuttallianum,6
Delphinium nuttallianum,7
Delphinium nuttallianum,5
Dicentra formosa,6
Dicentra formosa,7
Dicentra formosa,10
Dodecatheon hendersonii,6
Dodecatheon hendersonii,7
Dodecatheon pulchellum,6
Dodecatheon pulchellum,10
Dodecatheon pulchellum,5
Dodecatheon pulchellum,7
Dodecatheon pulchellum,3
Dodecatheon pulchellum,2
Dodecatheon jeffreyi,6
Dodecatheon jeffreyi,7
Dodecatheon jeffreyi,10
Drosera rotundifolia,6
Drosera rotundifolia,7
Drosera rotundifolia,10
Drosera rotundifolia,5
Drosera rotundifolia,3
Drosera rotundifolia,2
Elaeagnus commutata,3
Elaeagnus commutata,6
Elaeagnus commutata,5
Elaeagnus commutata,7
Elaeagnus commutata,10
Empetrum nigrum,7
Empetrum nigrum,6
Empetrum nigrum,10
Empetrum nigrum,3
Empetrum nigrum,2
Empetrum nigrum,5
Epilobium angustifolium,3
Epilobium angustifolium,5
Ericameria nauseosa,6
Ericameria nauseosa,10
Ericameria nauseosa,5
Ericameria nauseosa,7
Eriophorum angustifolium,2
Eriophorum angustifolium,3
Eriophorum angustifolium,6
Eriophorum angustifolium,5
Eriophorum angustifolium,7
Eriophorum angustifolium,10
Erythronium grandiflorum,6
Erythronium grandiflorum,7
Erythronium grandiflorum,10
Erythronium grandiflorum,5
Eurybia conspicua,6
Eurybia conspicua,5
Eurybia conspicua,10
Eurybia conspicua,7
Eurybia conspicua,3
Fragaria chiloensis,7
Fragaria virginiana,6
Fragaria virginiana,7
Fragaria virginiana,10
Fragaria virginiana,3
Fragaria virginiana,5
Frangula purshiana,7
Frangula purshiana,6
Frangula purshiana,10
Frasera montana,6
Fritillaria affinis,6
Fritillaria affinis,7
Fritillaria affinis,10
Fritillaria camschatcensis,2
Fritillaria camschatcensis,7
Fritillaria camschatcensis,6
Fritillaria camschatcensis,3
Fritillaria camschatcensis,10
Fritillaria pudica,10
Fritillaria pudica,6
Gaillardia aristata,6
Gaillardia aristata,7
Gaillardia aristata,10
Gaillardia aristata,3
Gaillardia aristata,5
Galium triflorum,7
Galium triflorum,6
Galium triflorum,5
Galium triflorum,10
Galium triflorum,3
Gaultheria shallon,6
Gaultheria shallon,7
Geranium viscosissimum,10
Geranium viscosissimum,6
Geranium viscosissimum,5
Geranium viscosissimum,7
Geum macrophyllum,6
Geum macrophyllum,7
Geum macrophyllum,10
Geum macrophyllum,3
Geum macrophyllum,5
Geum macrophyllum,2
Geum triflorum,6
Geum triflorum,10
Geum triflorum,5
Geum triflorum,7
Glaux maritima,7
Glaux maritima,10
Glaux maritima,6
Glaux maritima,5
Glaux maritima,3
Hackelia diffusa,6
Hackelia diffusa,10
Lappula occidentalis,10
Lappula occidentalis,6
Lappula occidentalis,7
Lappula occidentalis,2
Lappula occidentalis,3
Lappula occidentalis,5
Hedysarum alpinum,2
Hedysarum alpinum,7
Hedysarum alpinum,3
Hedysarum alpinum,6
Hedysarum alpinum,5
Heracleum maximum,6
Heracleum maximum,10
Heracleum maximum,7
Heracleum maximum,2
Heracleum maximum,3
Heracleum maximum,5
Heuchera cylindrica,6
Heuchera cylindrica,10
Heuchera cylindrica,7
Heuchera cylindrica,5
Hordeum jubatum,6
Hordeum jubatum,10
Hordeum jubatum,7
Hordeum jubatum,3
Hordeum jubatum,5
Hordeum jubatum,2
Holodiscus discolor,6
Holodiscus discolor,7
Holodiscus discolor,10
Juncus effusus,7
Juncus effusus,6
Juncus effusus,10
Kalmia microphylla,6
Kalmia microphylla,7
Kalmia microphylla,10
Kalmia microphylla,3
Kalmia microphylla,5
Lathyrus ochroleucus,6
Lathyrus ochroleucus,10
Lathyrus ochroleucus,3
Lathyrus ochroleucus,5
Lathyrus japonicus,7
Lathyrus japonicus,2
Lathyrus japonicus,6
Lathyrus japonicus,5
Lathyrus japonicus,3
Lathyrus nevadensis,6
Lathyrus nevadensis,10
Lathyrus nevadensis,7
Lewisia rediviva,6
Lewisia rediviva,10
Leymus cinereus,10
Leymus cinereus,6
Leymus mollis,3
Leymus mollis,2
Leymus mollis,7
Leymus mollis,6
Leymus mollis,10
Ligusticum canbyi,6
Ligusticum canbyi,10
Ligusticum scoticum,7
Ligusticum scoticum,2
Ligusticum scoticum,6
Lilium columbianum,6
Lilium columbianum,7
Lilium columbianum,10
Linnaea borealis,6
Linnaea borealis,7
Linnaea borealis,10
Linnaea borealis,2
Linnaea borealis,5
Linnaea borealis,3
Lithospermum ruderale,6
Lithospermum ruderale,10
Lithospermum ruderale,7
Lithospermum ruderale,5
Lomatium canbyi,10
Lomatium canbyi,6
Lomatium cous,10
Lomatium cous,6
Lomatium dissectum,6
Lomatium dissectum,7
Lomatium dissectum,10
Lomatium dissectum,5
Lomatium geyeri,6
Lomatium geyeri,10
Lomatium macrocarpum,10
Lomatium macrocarpum,6
Lomatium macrocarpum,7
Lomatium nudicaule,6
Lomatium nudicaule,10
Lomatium nudicaule,7
Lonicera ciliosa,7
Lonicera ciliosa,6
Lonicera ciliosa,10
Lonicera ciliosa,3
Lonicera involucrata,7
Lonicera involucrata,6
Lonicera involucrata,5
Lonicera involucrata,10
Lupinus nootkatensis,6
Lupinus nootkatensis,2
Lupinus nootkatensis,3
Lupinus nootkatensis,7
Lupinus nootkatensis,10
Lupinus polyphyllus,6
Lupinus polyphyllus,7
Lupinus polyphyllus,10
Lysichiton americanus,6
Lysichiton americanus,10
Lysichiton americanus,7
Lysichiton americanus,5
Mahonia aquifolium,6
Mahonia aquifolium,7
Mahonia aquifolium,10
Mahonia nervosa,6
Mahonia nervosa,7
Mahonia nervosa,5
Maianthemum dilatatum,7
Maianthemum dilatatum,6
Maianthemum dilatatum,5
Maianthemum dilatatum,10
Maianthemum dilatatum,2
Maianthemum racemosum,7
Maianthemum racemosum,6
Maianthemum racemosum,10
Maianthemum racemosum,5
Malus fusca,7
Malus fusca,6
Malus fusca,10
Mentha arvensis,6
Mentha arvensis,10
Mentha arvensis,7
Mentha arvensis,2
Mentha arvensis,3
Menziesia ferruginea,6
Menziesia ferruginea,7
Menziesia ferruginea,10
Menziesia ferruginea,3
Menziesia ferruginea,5
Moneses uniflora,6
Moneses uniflora,3
Moneses uniflora,7
Moneses uniflora,5
Moneses uniflora,2
Moneses uniflora,10
Monotropa uniflora,7
Monotropa uniflora,5
Monotropa uniflora,6
Monotropa uniflora,10
Myrica gale,2
Myrica gale,7
Myrica gale,6
Myrica gale,3
Myrica gale,5
Nicotiana attenuata,10
Nicotiana attenuata,6
Nicotiana attenuata,7
Nicotiana quadrivalvis,7
Nicotiana quadrivalvis,6
Nicotiana quadrivalvis,10
Nuphar lutea,7
Nuphar lutea,6
Nuphar lutea,5
Nuphar lutea,10
Nuphar lutea,3
Oemleria cerasiformis,7
Oemleria cerasiformis,6
Oenanthe sarmentosa,6
Oenanthe sarmentosa,7
Oenanthe sarmentosa,10
Oplopanax horridus,6
Oplopanax horridus,7
Oplopanax horridus,3
Oplopanax horridus,10
Oplopanax horridus,5
Osmorhiza berteroi,6
Osmorhiza berteroi,7
Osmorhiza berteroi,10
Osmorhiza berteroi,5
Osmorhiza occidentalis,6
Osmorhiza occidentalis,10
Osmorhiza occidentalis,7
Oxalis oregana,7
Oxalis oregana,6
Oxyria digyna,7
Oxyria digyna,6
Oxyria digyna,2
Oxyria digyna,3
Oxyria digyna,10
Paxistima myrsinites,6
Paxistima myrsinites,10
Paxistima myrsinites,7
Penstemon fruticosus,6
Penstemon fruticosus,10
Penstemon fruticosus,7
Perideridia gairdneri,7
Perideridia gairdneri,6
Perideridia gairdneri,10
Petasites frigidus,6
Petasites frigidus,3
Petasites frigidus,7
Petasites frigidus,10
Petasites frigidus,5
Petasites frigidus,2
Phalaris arundinacea,6
Phalaris arundinacea,10
Phalaris arundinacea,5
Phalaris arundinacea,7
Phalaris arundinacea,3
Philadelphus lewisii,6
Philadelphus lewisii,10
Philadelphus lewisii,7
Phyllospadix scouleri,7
Phyllospadix scouleri,6
Physocarpus capitatus,7
Physocarpus capitatus,6
Physocarpus capitatus,10
Physocarpus malvaceus,6
Physocarpus malvaceus,10
Physocarpus malvaceus,7
Plantago maritima,3
Plantago maritima,7
Plantago maritima,6
Plantago maritima,5
Plantago maritima,2
Populus balsamifera,6
Populus balsamifera,7
Populus balsamifera,5
Populus balsamifera,10
Populus balsamifera,3
Populus balsamifera,2
Populus tremuloides,5
Populus tremuloides,6
Populus tremuloides,3
Populus tremuloides,10
Populus tremuloides,7
Populus tremuloides,2
Potamogeton natans,6
Potamogeton natans,10
Potamogeton natans,5
Potamogeton natans,7
Potamogeton natans,3
Prunus emarginata,6
Prunus emarginata,10
Prunus emarginata,7
Prunus pensylvanica,6
Prunus pensylvanica,5
Prunus pensylvanica,3
Prunus pensylvanica,10
Prunus pensylvanica,7
Prunus virginiana,6
Prunus virginiana,10
Prunus virginiana,7
Prunus virginiana,5
Prunus virginiana,3
Pseudoroegneria spicata,10
Pseudoroegneria spicata,6
Pseudoroegneria spicata,7
Pseudoroegneria spicata,3
Pseudoroegneria spicata,2
Pseudoroegneria spicata,5
Pterospora andromedea,6
Pterospora andromedea,10
Pterospora andromedea,7
Purshia tridentata,6
Purshia tridentata,10
Purshia tridentata,7
Pyrola asarifolia,6
Pyrola asarifolia,7
Pyrola asarifolia,10
Pyrola asarifolia,3
Pyrola asarifolia,5
Pyrola asarifolia,2
Quercus garryana,6
Quercus garryana,7
Quercus garryana,10
Ranunculus glaberrimus,6
Ranunculus glaberrimus,10
Ranunculus glaberrimus,7
Ranunculus glaberrimus,5
Ranunculus occidentalis,7
Ranunculus occidentalis,6
Ranunculus occidentalis,10
Ranunculus occidentalis,2
Ranunculus occidentalis,5
Ranunculus occidentalis,3
Rhodiola rosea,2
Rhodiola rosea,7
Rhodiola rosea,6
Rhodiola rosea,3
Rhododendron albiflorum,6
Rhododendron albiflorum,7
Rhododendron albiflorum,10
Rhododendron albiflorum,5
Rhododendron albiflorum,3
Rhus glabra,10
Rhus glabra,6
Rhus glabra,7
Ribes aureum,10
Ribes aureum,6
Ribes aureum,7
Ribes bracteosum,7
Ribes bracteosum,6
Ribes cereum,6
Ribes cereum,10
Ribes cereum,7
Ribes divaricatum,7
Ribes divaricatum,6
Ribes divaricatum,10
Ribes lobbii,7
Ribes lobbii,6
Ribes inerme,10
Ribes inerme,6
Ribes inerme,7
Ribes inerme,5
Ribes oxyacanthoides,3
Ribes oxyacanthoides,6
Ribes oxyacanthoides,10
Ribes oxyacanthoides,5
Ribes oxyacanthoides,7
Ribes hudsonianum,3
Ribes hudsonianum,6
Ribes hudsonianum,7
Ribes hudsonianum,10
Ribes hudsonianum,2
Ribes hudsonianum,5
Ribes lacustre,6
Ribes lacustre,7
Ribes lacustre,10
Ribes lacustre,5
Ribes lacustre,3
Ribes lacustre,2
Ribes laxiflorum,6
Ribes laxiflorum,7
Ribes laxiflorum,10
Ribes laxiflorum,5
Ribes laxiflorum,2
Ribes glandulosum,3
Ribes glandulosum,5
Ribes glandulosum,6
Ribes glandulosum,7
Ribes glandulosum,2
Ribes sanguineum,6
Ribes sanguineum,7
Ribes sanguineum,10
Ribes triste,6
Ribes triste,5
Ribes triste,3
Ribes triste,2
Ribes triste,7
Rosa acicularis,3
Rosa acicularis,6
Rosa acicularis,7
Rosa acicularis,10
Rosa acicularis,5
Rosa acicularis,2
Rosa nutkana,7
Rosa nutkana,6
Rosa nutkana,10
Rosa nutkana,5
Rosa nutkana,3
Rosa pisocarpa,7
Rosa pisocarpa,6
Rosa pisocarpa,10
Rosa woodsii,3
Rosa woodsii,6
Rosa woodsii,10
Rosa woodsii,7
Rosa woodsii,5
Rosa gymnocarpa,6
Rosa gymnocarpa,7
Rosa gymnocarpa,10
Rubus arcticus,6
Rubus arcticus,3
Rubus arcticus,7
Rubus arcticus,5
Rubus arcticus,10
Rubus arcticus,2
Rubus chamaemorus,2
Rubus chamaemorus,6
Rubus chamaemorus,7
Rubus chamaemorus,3
Rubus chamaemorus,5
Rubus chamaemorus,10
Rubus leucodermis,10
Rubus leucodermis,6
Rubus leucodermis,7
Rubus parviflorus,7
Rubus parviflorus,6
Rubus parviflorus,10
Rubus parviflorus,5
Rubus pedatus,6
Rubus pedatus,7
Rubus pedatus,10
Rubus pedatus,3
Rubus pedatus,2
Rubus pedatus,5
Rubus pubescens,6
Rubus pubescens,3
Rubus pubescens,7
Rubus pubescens,5
Rubus pubescens,10
Rubus spectabilis,7
Rubus spectabilis,6
Rubus spectabilis,2
Rubus spectabilis,10
Rubus spectabilis,3
Rubus ursinus,6
Rubus ursinus,7
Rubus ursinus,10
Rumex aquaticus,6
Rumex aquaticus,7
Rumex aquaticus,10
Rumex aquaticus,5
Rumex aquaticus,3
Sagittaria latifolia,7
Sagittaria latifolia,6
Sagittaria latifolia,10
Sagittaria latifolia,5
Sagittaria latifolia,3
Sagittaria cuneata,10
Sagittaria cuneata,7
Sagittaria cuneata,6
Sagittaria cuneata,3
Sagittaria cuneata,5
Sagittaria cuneata,2
Salix bebbiana,6
Salix bebbiana,3
Salix bebbiana,7
Salix bebbiana,10
Salix bebbiana,5
Salix bebbiana,2
Salix discolor,6
Salix discolor,10
Salix discolor,3
Salix discolor,5
Salix hookeriana,7
Salix hookeriana,6
Salix hookeriana,10
Salix scouleriana,6
Salix scouleriana,7
Salix scouleriana,3
Salix scouleriana,10
Salix scouleriana,5
Salix sitchensis,7
Salix sitchensis,6
Salix sitchensis,10
Salix sitchensis,3
Salix sitchensis,5
Salix exigua,6
Salix exigua,10
Salix exigua,3
Salix exigua,7
Salix exigua,5
Salix lucida,6
Salix lucida,10
Salix lucida,5
Salix lucida,7
Salix lucida,3
Sambucus racemosa,7
Sambucus racemosa,6
Sambucus racemosa,10
Sambucus racemosa,5
Schoenoplectus acutus,10
Schoenoplectus acutus,7
Schoenoplectus acutus,6
Schoenoplectus acutus,3
Schoenoplectus acutus,5
Schoenoplectus americanus,10
Schoenoplectus americanus,7
Schoenoplectus americanus,6
Scirpus microcarpus,6
Scirpus microcarpus,7
Scirpus microcarpus,3
Scirpus microcarpus,10
Scirpus microcarpus,5
Sedum divergens,6
Sedum divergens,10
Sedum divergens,7
Shepherdia canadensis,2
Shepherdia canadensis,6
Shepherdia canadensis,10
Shepherdia canadensis,5
Shepherdia canadensis,3
Shepherdia canadensis,7
Sium suave,10
Sium suave,5
Sium suave,6
Sium suave,3
Sium suave,7
Solidago canadensis,6
Solidago canadensis,10
Solidago canadensis,7
Solidago canadensis,5
Solidago canadensis,3
Solidago canadensis,2
Sorbus sitchensis,6
Sorbus sitchensis,5
Sorbus sitchensis,10
Sorbus sitchensis,7
Sorbus scopulina,6
Sorbus scopulina,5
Sorbus scopulina,10
Sorbus scopulina,3
Sorbus scopulina,7
Sorbus scopulina,2
Spiraea betulifolia,6
Spiraea betulifolia,10
Spiraea betulifolia,7
Spiraea betulifolia,5
Spiraea betulifolia,3
Spiraea douglasii,6
Spiraea douglasii,7
Spiraea douglasii,10
Spiraea douglasii,3
Streptopus amplexifolius,10
Streptopus amplexifolius,6
Streptopus amplexifolius,7
Streptopus amplexifolius,3
Streptopus amplexifolius,2
Streptopus amplexifolius,5
Symphoricarpos albus,7
Symphoricarpos albus,10
Symphoricarpos albus,6
Symphoricarpos albus,5
Symphoricarpos albus,3
Thalictrum occidentale,6
Thalictrum occidentale,10
Thalictrum occidentale,7
Thalictrum occidentale,3
Thalictrum occidentale,5
Toxicodendron rydbergii,6
Toxicodendron rydbergii,10
Toxicodendron rydbergii,7
Toxicodendron rydbergii,5
Trifolium wormskioldii,10
Trifolium wormskioldii,7
Trifolium wormskioldii,6
Triglochin maritima,10
Triglochin maritima,7
Triglochin maritima,5
Triglochin maritima,6
Triglochin maritima,3
Triglochin maritima,2
Trillium ovatum,7
Trillium ovatum,6
Trillium ovatum,10
Trillium petiolatum,6
Trillium petiolatum,10
Triteleia grandiflora,6
Triteleia grandiflora,7
Triteleia grandiflora,10
Typha latifolia,7
Typha latifolia,3
Typha latifolia,10
Typha latifolia,6
Typha latifolia,5
Vaccinium caespitosum,6
Vaccinium caespitosum,3
Vaccinium caespitosum,5
Vaccinium caespitosum,7
Vaccinium caespitosum,10
Vaccinium membranaceum,6
Vaccinium membranaceum,7
Vaccinium membranaceum,10
Vaccinium membranaceum,5
Vaccinium membranaceum,3
Vaccinium myrtilloides,6
Vaccinium myrtilloides,5
Vaccinium myrtilloides,3
Vaccinium myrtilloides,7
Vaccinium myrtilloides,10
Vaccinium ovalifolium,6
Vaccinium ovalifolium,7
Vaccinium ovalifolium,3
Vaccinium ovalifolium,10
Vaccinium ovalifolium,2
Vaccinium ovatum,7
Vaccinium ovatum,6
Vaccinium oxycoccos,7
Vaccinium oxycoccos,10
Vaccinium oxycoccos,6
Vaccinium oxycoccos,3
Vaccinium oxycoccos,5
Vaccinium oxycoccos,2
Vaccinium parvifolium,6
Vaccinium parvifolium,7
Vaccinium parvifolium,10
Vaccinium parvifolium,3
Vaccinium scoparium,6
Vaccinium scoparium,10
Vaccinium scoparium,7
Vaccinium scoparium,5
Vaccinium myrtillus,6
Vaccinium myrtillus,10
Vaccinium myrtillus,7
Vaccinium myrtillus,5
Vaccinium uliginosum,7
Vaccinium uliginosum,6
Vaccinium uliginosum,3
Vaccinium uliginosum,2
Vaccinium uliginosum,10
Vaccinium uliginosum,5
Vaccinium vitis-idaea,2
Vaccinium vitis-idaea,3
Vaccinium vitis-idaea,5
Vaccinium vitis-idaea,6
Vaccinium vitis-idaea,7
Vaccinium vitis-idaea,10
Valeriana edulis,6
Valeriana edulis,10
Valeriana edulis,7
Valeriana sitchensis,6
Valeriana sitchensis,7
Valeriana sitchensis,3
Valeriana sitchensis,10
Veratrum viride,6
Veratrum viride,5
Veratrum viride,7
Veratrum viride,10
Veratrum viride,2
Veratrum viride,3
Viburnum edule,6
Viburnum edule,3
Viburnum edule,7
Viburnum edule,5
Viburnum edule,10
Viburnum edule,2
Viburnum opulus,6
Viburnum opulus,7
Viburnum opulus,10
Viburnum opulus,5
Vicia nigricans,7
Vicia nigricans,6
Viola adunca,6
Viola adunca,7
Viola adunca,5
Viola adunca,10
Viola adunca,3
Xerophyllum tenax,6
Xerophyllum tenax,7
Xerophyllum tenax,10
Zigadenus venenosus,6
Zigadenus venenosus,7
Zigadenus venenosus,10
Zigadenus venenosus,5
Zigadenus elegans,6
Zigadenus elegans,5
Zigadenus elegans,7
Zigadenus elegans,10
Zigadenus elegans,2
Zigadenus elegans,3
Zostera marina,7
Zostera marina,10
Zostera marina,6
Zostera marina,2
Hierochloe odorata,5
Hierochloe odorata,2
Hierochloe odorata,3
Hierochloe odorata,6
Ledum groenlandicum,7
Ledum groenlandicum,3
Ledum groenlandicum,5
Ledum groenlandicum,6
Ledum groenlandicum,10
Ledum groenlandicum,2
Ledum glandulosum,6
Ledum glandulosum,10
Ledum glandulosum,7
