Species,author,Synonym (scientific name),Common (Western) name,Family,Covered in TRY?,Covered in Native American Ethnobotany database? ,Covered in Pierce et al. 2017? ,Covered in knb?,IUCN Status,Endemic? (Y/N),Total Species,Species covered in TRY and NAED,"Species with TRY, NAED, and IUCN Status"
Gymnosperms,,,,,,,,,,,,,
Abies amabilis,(Douglas ex Louden) Douglas ex Forbes,/,,Pinaceae,Y,N,N,Y (germination),Stable (Least Concern),,331,301,146
Abies grandis,(Douglas ex D. Don) Lindl.,/,,Pinaceae,Y,Y,N,N,Stable (Least Concern),,,,
Abies lasiocarpa,(Hook.) Nutt,/,,Pinaceae,Y,Y,N,Y,Stable (Least Concern),,,,
Chamaecyparis nootkatensis,(D. Don) Spach,Cupressus nootkatensis D. Don,,Cupressaceae,N,N,N,Y (Chamaecyparis spp.),Stable (Least Concern),,,,
Juniperus communis,L.,,,Cupressaceae,Y,N,Y,Y,Increasing (Least Concern),,,,
Juniperus scopulorum,Sarg.,,Rocky Mountain Juniper,Cupressaceae,Y,Y,N,Y,Increasing (Least Concern),,,,
Juniperus maritima,Adams,,Seaside Juniper,Cupressaceae,Y,N,N,N,Increasing (Least Concern),,,,
Larix laricina,(Du Roi) K. Koch,,tamarack/alpine larch,Pinaceae,Y,Y,N,Y,Stable (Least Concern),,,,
Larix occidentalis,Nutt.,,western larch,Pinaceae,Y,Y,N,N,Stable (Least Concern),,,,
Picea engelmannii,Parry ex Engelm,,Engelmann spruce,Pinaceae,Y,Y,N,Y,Stable (Least Concern),,,,
Picea glauca,(Moench) Voss,,white spruce,Pinaceae,Y,Y,N,Y,Stable (Least Concern),,,,
Picea mariana,"(Mill.) Britton, Sterns&Poggenb.",,black spruce,Pinaceae,Y,Y,N,Y,Stable (Least Concern),,,,
Picea sitchensis,(Bong.) Carriere,,sitka spruce,Pinaceae,Y,Y,Y,N,Stable (Least Concern),,,,
Pinus albicaulis,Engelm.,,whitebark pine,Pinaceae,Y,Y,N,Y (pres/abs),Decreasing (Endangered),,,,
Pinus contorta,Douglas ex Louden,,lodgepole pine,Pinaceae,Y,Y,N,Y (germination),Stable (Least Concern),,,,
Pinus monticola,Douglas ex D. Don,,western white pine,Pinaceae,Y,Y,N,N,Decreasing (Near threatened),,,,
Pinus ponderosa,C. Lawson,,ponderosa pine,Pinaceae,Y,Y,Y,Y,Stable (Least Concern),,,,
Pseudotsuga menziesii,(Mirb.) Franco,,Douglas-fir,Pinaceae,Y,Y,N,,Stable (Least Concern),,,,
Taxus brevifolia,Nutt.,,Pacific yew/western yew,Taxaceae,Y,Y,N,,Decreasing (Near threatened),,,,
Thuja plicata,Donn ex D. Don,,western redcedar,Cupressaceae,Y,Y,N,,Stable (Least Concern),,,,
Tsuga heterophylla,(Raf.) Sarg.,,western hemlock,Pinaceae,Y,Y,N,Y (germination),Increasing (Least Concern),,,,
Tsuga mertensiana,(Bong.)Carriere,,mountain hemlock,Pinaceae,Y,Y,N,Y (germination),Increasing (Least Concern),,,,
,,,,,,,,,,,,,
Ferns and fern-allies,,,,,,,,,,,,,
Equisetum arvense,L.,/,,Equisetaceae,Y,N,Y,,Unknown (Least Concern),,,,
Equisetum telmateia,Ehrh.,/,,Equisetaceae,Y,N,Y,,Increasing (Least Concern),,,,
Equisetum hyemale L. ssp. affine,(Engelm.) Calder & Roy L. Taylor,/,,Equisetaceae,Y,N,N,,/,,,,
Lycopodium clavatum,L.,/,,Lycopodiaceae,Y,N,Y,,/,,,,
Adiantum aleuticum,(Rupr.) Paris (syn. A. pedatum L.),/,,Pteridaceae,Y,Y,N,,/,,,,
Athyrium filix-femina (L.) Roth. ssp. cyclosorum,(Rupr.) C. Chr.,Athyrium filix-foemina (L.) Roth,,Dryopteridaceae,Y,N,Y (different family specified),,/,,,,
Blechnum spicant,(L.) Sm.,,deer fern,Blechnaceae,Y,Y,Y,,/,,,,
Dryopteris expansa,(K.B. Presl) Fraser-Jenkins & Jermy,,spiny wood fern,Dryopteridaceae,Y,Y,Y,,/,,,,
Gymnocarpium dryopteris,s (L.) Newm.,,oak fern,Dryopteridaceae,Y,Y,Y,,/,,,,
Polypodium glycyrrhiza,D.C. Eaton,,licorice fern,Polypodiaceae,Y,Y,N,,/,,,,
Polystichum munitum,(Kaulf.) C. Presl,,western swordfern,Dryopteridaceae,Y,Y,N,,/,,,,
Pteridium aquilinum,m (L.) Kuhn,,bracken fern,Denstaedtiaceae,Y,Y,Y,,Stable (Least Concern),,,,
,,,,,,,,,,,,,
Flowering plants (angiosperms),,,,,,,,,,,,,
Acer circinatum,Pursh,/,,Aceraceae,Y,Y,N,,Stable (Least Concern),,,,
Acer glabrum,Torr.,/,,Aceraceae,Y,Y,N,,Unknown (Least Concern),,,,
Acer macrophyllum,Pursh,/,,Aceraceae,Y,Y,N,,Unknown (Least Concern),,,,
Achillea millefolium,L.,/,,Asteraceae,Y,Y,N,,Unknown (Least Concern),,,,
Achlys triphylla,(Smith) DC,/,,Berberidaceae,Y,Y,N,,/,,,,
Actaea rubra,(Aiton) Willd,/,,Ranunculaceae,Y,Y,N,,/,,,,
Agoseris glauca,(Pursh) Raf.,/,,Asteraceae,Y,Y,Y,,/,,,,
Allium cernuum,Roth,,nodding onion,Liliaceae,Y,Y,N,,/,,,,
Allium schoenoprasum var. sibiricum,(L.) Hartm.,,wild chives,Liliaceae,Y,Y,N,,Stable (Least Concern),,,,
Allium geyeri,S. Watson,,Geyer's onion,Liliaceae,Y,Y,N,,Unknown (Least Concern),,,,
Alnus incana ssp. tenuifolia,(L.) Moench,,mountain alder,Betulaceae,Y,Y,Y (not spp.),,Stable (Least Concern) ,,,,
Alnus viridis ssp. crispa,(Chaix) DC,,green alder,Betulaceae,Y,Y,Y (not spp.),,/,,,,
Alnus viridis ssp. sinuata,(Regel) A. Love & D. Love,,Sitka alder,Betulaceae,Y,Y,Y (not spp.),,/,,,,
Alnus rubra,Bong,,red alder,Betulaceae,Y,Y,N,,Stable (Least Concern),,,,
Amelanchier alnifolia,Nutt. ex M. Roem.,,saskatoonberry,Rosaceae,Y,Y,N,,Stable (Least Concern),,,,
Anaphalis margaritacea,(L.) Benth.,,pearly everlasting,Asteraceae,Y,Y,Y,,/,,,,
Anemone multifida,Poir.,,Pacific anemone,Ranunculaceae,Y,Y,N,,/,,,,
Angelica genuflexa,Nutt.,,kneeling angelica,Apiaceae,Y,Y,N,,/,,,,
Angelica lucida,L.,,seacoast angelica/sea-watch/wild celery,Apiaceae,Y,Y,N,,/,,,,
Antennaria neglecta,Greene,,field pussytoes,Asteraceae,Y,Y,N,,/,,,,
Apocynum cannabinum,L.,,Indian-hemp,Apocynaceae,Y,Y,N,,/,,,,
Apocynum androsaemifolium,L.,,spreading dogbane,Apocynaceae,Y,Y,Y,,/,,,,
Aquilegia formosa,Fisch. ex DC.,,western columbine,Ranunculaceae,Y,Y,N,,/,,,,
Aralia nudicaulis,L.,,wild sarsaparilla,Araliaceae,Y,Y,N,,/,,,,
Arbutus menziesii,Pursh,,Arbutus/Pacific madrone,Ericaceae,Y,Y,N,,Stable (Least Concern),,,,
Arctostaphylos uva-ursi,(L.) Spreng.,,kinnikinnick/bearberry,Ericaceae,Y,Y,Y,,/,,,,
Arctous ruber (rubra),(Rehder.& E.H. Wilson),,,Ericaceae,Y,Y,N,,/,,,,
Argentina egedii,(Wormsk.) Rydb.,,pacific silverweed,Rosaceae,Y,Y,N,,/,,,,
Argentina anserina,(L.) Rydb.,,common silverweed,Rosaceae,N,Y,N,,Unknown (Least Concern),,,,
Arnica cordifolia,Hook.,,heartleaved arnica,Asteraceae,Y,Y,N,,/,,,,
Artemisia dracunculus,L.,,wild tarragon/dragon sagewort,Asteraceae,Y,Y,Y,,/,,,,
Artemisia frigida,Willd.,,northern wormwood/prairie sagewort,Asteraceae,Y,Y,N,,/,,,,
Artemisia ludoviciana,Nutt.,,white sagebrush,Asteraceae,Y,Y,Y,,/,,,,
Artemisia tilesii,Ledeb.,,"Tilesius’ wormwood, or “caribou leaves”",Asteraceae,Y,Y,N,,/,,,,
Artemisia tridentata,Nutt.,,big sagebrush,Asteraceae,Y,Y,N,,Stable (Least Concern),,,,
Aruncus dioicus,(Walter) Fernald,,goatsbeard/bride's father,Rosaceae,Y,Y,Y,,/,,,,
Asarum caudatum,Lindl.,,wild ginger,Aristolochiaceae,Y,Y,N,,/,,,,
Asclepias speciosa,Torr.,,common milkweed,Asclepiadaceae,Y,Y,N,,/,,,,
Balsamorhiza sagittata,(Pursh) Nutt.,,arrowleaf balsamroot/spring sunflower,Asteraceae,Y,Y,N,,/,,,,
Betula nana,L.,,scrub birch,Betulaceae,Y,Y,Y,,Stable (Least Concern),,,,
Betula pumila var. glandulifera,Regel,,bog birch,Betulaceae,Y,Y,N,,Stable (Least Concern),,,,
Betula occidentalis,Hook.,,water birch,Betulaceae,Y,Y,N,,Stable (Least Concern),,,,
Betula papyrifera,Marsh.,,paper birch,Betulaceae,Y,Y,N,,Stable (Least Concern),,,,
Boschniakia hookeri,Walp.,,groundcone/poque,Orobanchaceae,Y,Y,N,,/,,,,
Boschniakia rossica,(Cham. & Schltdl.) Fedtsch.,,northern groundcone,Orobanchaceae,Y,Y,N,,/,,,,
Bromus carinatus,Hook. & Arn.,,bromegrass,Poaceae,Y,Y,N,,/,,,,
Calamagrostis rubescens,Buckley,,pinegrass/timbergrass,Poaceae,Y,Y,N,,/,,,,
Calochortus macrocarpus,Douglas,,sagebrush mariposa lily,Liliaceae,Y,Y,N,,/,,,,
Calypso bulbosa,(L.) Oakes,,false ladyslipper/fairy slipper,Orchidaceae,Y,Y,N,,/,,,,
Camassia quamash,(Pursh) Greene,,common camas,Liliaceae,Y,Y,N,,/,,,,
Camassia leichtlinii,(Baker) S. Watson,,,Liliaceae,Y,Y,N,,/,,,,
Campanula rotundifolia,L.,,blue harebell,Campanulaceae,Y,Y,this dataset does not seem worth it ,,/,,,,
Carex obnupta,L.H. Bailey,,slough sedge,Cyperaceae,Y,Y,,,Unknown (Least Concern),,,,
Carex rostrata,Stokes,,beaked sedge,Cyperaceae,Y,Y,,,Stable (Least Concern),,,,
Castilleja miniata,Douglas ex Hook.,,red paintbrush,Scrophulariaceae,Y,Y,,,/,,,,
Castilleja hispida,Benth.,,harsh paintbruch,Scrophulariaceae,Y,Y,,,/,,,,
Ceanothus sanguineus,Pursh,,buckbrush/restem ceanothus,Rhamnaceae,Y,Y,,,/,,,,
Ceanothus velutinus,Douglas ex Hook.,,snowbrush,Rhamnaceae,Y,Y,,,Stable (Least Concern),,,,
Chenopodium capitatum,(L.) Asch.,,strawberry blite,Chenopodiaceae,Y,Y,,,/,,,,
Chimaphila umbellata,(L.) W. Bartram,,pipsissewa/prince's pine,Ericaceae,Y,Y,,,/,,,,
Cicuta douglasii,(DC.) J.M. Coult. & Rose,,Douglas’ water-hemlock,Apiaceae,Y,Y,,,Unknown (Least Concern),,,,
Cicuta virosa,L.,,Mackenzie’s water-hemlock,Apiaceae,Y,Y,,,Stable (Least Concern),,,,
Cirsium brevistylum,Cronquist,,clustered thistle,Asteraceae,Y,Y,,,/,,,,
Cirsium edule,Nutt.,,edibel thistle,Asteraceae,Y,Y,,,/,,,,
Cirsium hookerianum,Nutt.,,white thistle,Asteraceae,Y,Y,,,/,,,,
Cirsium undulatum,Nutt.,,wavyleaf thistle,Asteraceae,Y,Y,,,/,,,,
Cirsium arvense,(L.) Scop.,,Canada thistle,Asteraceae,Y,Y,,,/,,,,
Cirsium vulgare,(Savi) Ten.,,Scottish thistle/bull thistle,Asteraceae,Y,Y,,,/,,,,
Claytonia lanceolata,Pall. ex Pursh,,spring beauty/mountain pine,Portulacaceae,Y,Y,,,/,,,,
Claytonia sibirica,L.,,Siberian miner’s lettuce,Portulacaceae,Y,Y,,,/,,,,
Clematis columbiana,(Nutt.) Torr. & A. Gray,,rock blue clematis,Ranunculaceae,Y,Y,,,/,,,,
Clematis occidentalis,(Hornem.) DC.,,western blue clematis/blue virgin’s-bower,Ranunculaceae,Y,Y,,,/,,,,
Clematis ligusticifolia,Nutt.,,western white clematis,Ranunculaceae,Y,Y,,,/,,,,
Clintonia uniflora,(Menzies ex Schult. & Schult. f.) Kunth,,Queenscup,Liliaceae,Y,Y,,,/,,,,
Comandra umbellata,(L.) Nutt.,,bastard toadflax,Santalaceae,Y,Y,,,/,,,,
Comarum palustre,L.,,purple marshlocks/marsh cinquefoil,Rosaceae,Y,Y,,,Unknown (Least Concern),,,,
Conioselinum gmelinii,(Cham. & Schltdl.) Steud.,,Pacific hemlockparsley,Apiaceae,N,Y,,,/,,,,
Cornus canadensis,L.,,Canada bunchberry/dwarf dogwood,Cornaceae,Y,Y,,,/,,,,
Cornus unalaschkensis, Ledeb.,,western cordilleran bunchberry,Cornaceae,Y,Y,,,/,,,,
Cornus suecica,L.,,dwarf bog bunchberry,Cornaceae,Y,Y,,,/,,,,
Cornus nuttallii,Audubon ex Torr. & A. Gray,,Pacific flowering dogwood,Cornaceae,Y,Y,,,Stable (Least Concern),,,,
Cornus sericea,L.,,red-osier dogwood/red willow,Cornaceae,Y,Y,,,Increasing (Least Concern),,,,
Corylus cornuta,Marhs.,,beaked hazelnut,Betulaceae,Y,Y,,,Stable (Least Concern),,,,
Crataegus douglasii,Lindl.,,black hawthorn,Rosaceae,Y,Y,,,Stable (Least Concern),,,,
Dasiphora fruticosa,(L.) Rydb.,,shrubby cinquefoil,Rosaceae,Y,N,,,/,,,,
Delphinium nuttallianum,Pritz. ex Walp,,larkspur,Ranunculaceae,Y,Y,,,/,,,,
Dicentra formosa,(Haw.) Walp.,,Pacific bleedingheart,Fumariaceae,Y,Y,,,/,,,,
Dodecatheon hendersonii,A. Gray,,shootingstars,Primulaceae,Y,Y,,,/,,,,
Dodecatheon pauciflorum,(Durand) Greene,,shootingstars,Primulaceae,N,N,,,/,,,,
Dodecatheon pulchellum,(Raf.) Merr.,,shootingstars,Primulaceae,Y,Y,,,/,,,,
Dodecatheon jeffreyi,Van Houtte,,shootingstars,Primulaceae,Y,Y,,,/,,,,
Drosera rotundifolia,L.,,English sundew,Droseraceae,Y,Y,,,Unknown (Least Concern),,,,
Drosera anglica,Huds.,,English sundew,Droseraceae,Y,N,,,/,,,,
Elaeagnus commutata,Bernh. ex Rydb,,silveryberry,Elaeagnaceae,Y,Y,,,Unknown (Least Concern),,,,
Empetrum nigrum,L.,,black crowberry/blackberry,Empetraceae,Y,Y,,,/,,,,
Epilobium angustifolium,L.,,firewood,Onagraceae,Y,N,,,/,,,,
Ericameria nauseosa,(Pall. ex Pursh) G.L. Nesom & Baird,,common rabbitbrush,Asteraceae,Y,Y,,,/,,,,
Eriophorum angustifolium,Honck.,,cottongrass,Cyperaceae,Y,Y,,,Stable (Least Concern),,,,
Eriophorum chamissonis,C.A. May.,,cottongrass,Cyperaceae,Y,N,,,Unknown (Least Concern),,,,
Erythronium grandiflorum,Pursh.,,yellow glacier lily/yellow avalance,Liliaceae,Y,Y,,,/,,,,
Eurybia conspicua,(Lindl.) G.L. Nesom,,western showy aster,Asteraceae,Y,Y,,,/,,,,
Fragaria chiloensis,(L.) Mill.,,seaside/beach strawberry,Rosaceae,Y,Y,,,/,,,,
Fragaria vesca,L.,,woodland strawberry,Rosaceae,Y,Y,,,/,,,,
Fragaria virginiana,Duchesne,,blueleaf/Virgina strawberry,Rosaceae,Y,Y,,,/,,,,
Frangula purshiana,(DC.) Cooper,,Cascara,Rhamnaceae,Y,Y,,,Decreasing (Least Concern),,,,
Frasera montana,Mulford,,White Frasera,Gentianaceae,Y,Y,,,/,,,,
Fritillaria affinis,(Schult.) Sealy,,chocolate lily/riceroot,Liliaceae,Y,Y,,,/,,,,
Fritillaria camschatcensis,(L.) Ker Gawl.,,"northern riceroot, Kamchatka fritillaria, sarana lily",Liliaceae,Y,Y,,,/,,,,
Fritillaria pudica,(Pursh) Spreng.,,yellowbells/yellow fritillary,Liliaceae,Y,Y,,,/,,,,
Gaillardia aristata,Pursh,,"brown-eyed Susan, blanketflower, or common gaillardia",Asteraceae,Y,Y,,,/,,,,
Galium aparine,L.,,common bedstraw,Rubiaceae,Y,Y,,,/,,,,
Galium triflorum,Michx.,,sweet-scented bedstraw,Rubiaceae,Y,Y,,,Unknown (Least Concern),,,,
Gaultheria shallon,Pursh,,salal,Ericaceae,Y,Y,,,/,,,,
Geranium viscosissimum,Fisch. & C.A. Mey. ex C.A. Mey.,,sticky purple geranium,Geraniaceae,Y,Y,,,/,,,,
Geum macrophyllum,Willd.,,large-leaved avens,Rosaceae,Y,Y,,,/,,,,
Geum triflorum,Pursh,,old man’s whiskers/prairie smoke,Rosaceae,Y,Y,,,/,,,,
Glaux maritima,L.,,sea milkwort,Primulaceae,Y,Y,,,Unknown (Least Concern),,,,
Goodyera oblongifolia,Raf.,,western rattlesnake plantain,Orchidaceae,Y,Y,,,/,,,,
"Grass, General",,,,Poaceae,?,?,,,,,,,
Hackelia diffusa,(Lehm.) I.M. Johnst.,,spreading stickseed,Boraginaceae,Y,Y,,,/,,,,
Lappula occidentalis,(S. Watson) Greene,,western stickseed,Boraginaceae,Y,Y,,,/,,,,
Hedysarum alpinum,L.,,alpine sweetvetch,Fabaceae,Y,Y,,,Unknown (Least Concern),,,,
Heracleum maximum,Bartram,,common cow-parsnip,Apiaceae,Y,Y,,,Unknown (Least Concern),,,,
Heuchera cylindrica,Douglas ex Hook.,,roundleaf alumroot,Saxifragaceae,Y,Y,,,/,,,,
Heuchera chlorantha,Piper,,meadow alumroot,Saxifragaceae,Y,N,,,/,,,,
Hierochloe hirta,(Schrank) Borbás,,northern sweetgrass,Poaceae,Y,N,,,/,,,,
Hordeum jubatum,L.,,foxtail barley,Poaceae,Y,Y,,,Stable (Least Concern),,,,
Holodiscus discolor,(Pursh) Maxim,,oceanspray,Rosaceae,Y,Y,,,/,,,,
Juncus effusus,L.,,common rush,Juncaceae,Y,Y,,,Stable (Least Concern),,,,
Kalmia microphylla,(Hook.) A. Heller,,bog/swamp laurel,Ericaceae,Y,Y,,,Unknown (Least Concern),,,,
Lathyrus ochroleucus,Hook.,,cream pea,Fabaceae,Y,Y,,,/,,,,
Lathyrus japonicus,Willd.,,beach pea,Fabaceae,Y,Y,,,Unknown (Least Concern),,,,
Lathyrus nevadensis,S. Watson,,Sierra pea,Fabaceae,Y,Y,,,/,,,,
Lewisia rediviva,Pursh,,bitterroot,Portulaceae,Y,Y,,,/,,,,
Leymus cinereus,(Scribn. & Merr.) A. Love,,basin/giant wildrye,Poaceae,Y,Y,,,/,,,,
Leymus mollis,(Trin.) Pilg.,,American dunegrass,Poaceae,Y,Y,,,/,,,,
Ligusticum canbyi,(J.M. Coult. & Rose) J.M. Coult. & Rose,,Canby's lovage/Canby’s licorice-root,Apiaceae,Y,Y,,,Unknown (Least Concern),,,,
Ligusticum scoticum,L.,,Scottish lovage/ Scottish licorice-root,Apiaceae,Y,Y,,,Unknown (Least Concern),,,,
Lilium columbianum,Leichtlin,,tiger lily/Columbia lily,Liliaceae,Y,Y,,,/,,,,
Linnaea borealis,L.,,twinflower,Caprifoliaceae,Y,Y,,,/,,,,
Lithospermum ruderale,Douglas ex Lehm.,,western stoneseed,Boraginaceae,Y,Y,,,/,,,,
Lomatium canbyi,(J.M. Coult. & Rose) J.M. Coult. & Rose,,Canby’s biscuitroot,Apiaceae,Y,Y,,,/,,,,
Lomatium cous,(S. Watson) J.M. Coult. & Rose,,/,Apiaceae,Y,Y,,,/,,,,
Lomatium dissectum,(Nutt.) Mathias & Constance,,"chocolate tips, or fernleaf biscuitroot",Apiaceae,Y,Y,,,/,,,,
Lomatium geyeri,(S. Watson) J.M. Coult. & Rose,,Geyer’s biscuitroot,Apiaceae,Y,Y,,,/,,,,
Lomatium macrocarpum,(Nutt. ex Torr. & A. Gray) J.M. Coult. & Rose,,desert parsley/bigseed biscuitroot,Apiaceae,N,Y,,,/,,,,
Lomatium nudicaule,(Pursh) J.M. Coult. & Rose,,"“wild celery,” barestem lomatium/barestem biscuitroot",Apiaceae,Y,Y,,,/,,,,
Lonicera ciliosa,(Pursh) Poir. ex DC.,,orange honeysuckle,Caprifoliaceae,Y,Y,,,/,,,,
Lonicera involucrata,(Richardson) Banks ex Spreng.,,"black twinberry, or twinflower honeysuckle",Caprifoliaceae,Y,Y,,,/,,,,
Lupinus nootkatensis,Donn ex Sims,,Nootka lupine,Fabaceae,Y,Y,,,Stable (Least Concern),,,,
Lupinus polyphyllus,Lindl,,bigleaf lupine,Fabaceae,Y,Y,,,Unknown (Least Concern),,,,
Lysichiton americanus,Hultén & H. St. John,,American skunk-cabbage,Araceae,Y,Y,,,Unknown (Least Concern),,,,
Mahonia aquifolium,(Pursh) Nutt.,,tall Oregon-grape,Berberidaceae,Y,Y,,,/,,,,
Mahonia nervosa,(Pursh) Nutt.,,dull-leaved Oregon-grape,Berberidaceae,N,Y,,,/,,,,
Maianthemum dilatatum,(Alph. Wood) A. Nelson & J.F. Macbr.,,"wild lily-of-thevalley, or false lily-of-the-valley",Liliaceae,Y,Y,,,/,,,,
Maianthemum racemosum ssp. amplexicaule,(Nutt.) LaFrankie,,false Solomon's-seal,Liliaceae,Y,Y,,,/,,,,
Malus fusca,(Raf.) C.K. Schneid,,Pacific crabapple,Rosaceae,Y,Y,,,Stable (Least Concern),,,,
Mentha arvensis,L.,,field mint/Canada mint,(Lamiaceae,Y,Y,,,Unknown (Least Concern),,,,
Menziesia ferruginea ,Sm.,,false azalea/fool’s huckleberry,Ericaceae,Y,Y,,,/,,,,
Moneses uniflora,(L.) A. Gray,,single delight/one-flowered pyrola,Ericaceae,Y,Y,,,/,,,,
Monotropa uniflora,L.,,Indian-pipe,Monotropaceae,Y,Y,,,/,,,,
Myrica gale,L.,,sweetgale,Myricaceae,Y,Y,,,Unknown (Least Concern),,,,
Nicotiana attenuata,Torr. ex S. Watson,,wild/coyote tobacco,Solanaceae,N,Y,,,/,,,,
Nicotiana quadrivalvis,Pursh,,Haida/Northwest Coast tobacco,Solanaceae,Y,Y,,,/,,,,
Nicotiana tabacum,L.,,cultivated tobacco,Solanaceae,Y,Y,,,/,,,,
Nuphar lutea,(L.) Sm. ssp. polysepala (Engelm.) E.O. Beal,,yellow pond-lily,Nymphaeaceae,Y,Y,,,Stable (Least Concern),,,,
Oemleria cerasiformis,(Torr. & A. Gray ex Hook. & Arn.) Landon,,"bird plum, bird cherry",Rosaceae,Y,Y,,,Stable (Least Concern),,,,
Oenanthe sarmentosa,C. Presl ex DC.,,water-parsley,Apiaceae,Y,Y,,,Unknown (Least Concern),,,,
Oplopanax horridus,(Sm.) Miq.,,devil’s-club,Araliaceae,Y,Y,,,/,,,,
Opuntia fragilis,(Nutt.) Haw.,,brittle pricklypear cactus,Cactaceae,Y,Y,,,Stable (Least Concern),,,,
Opuntia polyacantha,Haw.,,plains pricklypear cactus,Cactaceae,Y,Y,,,Stable (Least Concern),,,,
Osmorhiza berteroi,DC,,sweet cicely,Apiaceae,Y,Y,,,/,,,,
Osmorhiza occidentalis,(Nutt.) Torr.,,western sweet cicely/ “sweetroot”,Apiaceae,Y,Y,,,/,,,,
Oxalis oregana,Nutt.,,Oregon woodsorrel,Oxalidaceae,Y,Y,,,/,,,,
Oxyria digyna,(L.) Hill,,mountain sorrel,Polygonaceae,Y,Y,,,/,,,,
Paxistima myrsinites,(Pursh) Raf.,,false box/Oregon boxleaf,Celastraceae,Y,Y,,,/,,,,
Penstemon fruticosus,(Pursh) Greene,,shrubby penstemon,Scrophulariaceae,Y,Y,,,/,,,,
Perideridia gairdneri,(Hook. & Arn.) Mathias,,wild caraway/yampah,Apiaceae,Y,Y,,,/,,,,
Petasites frigidus,(L.) Fr. var. sagittatus (Banks ex Pursh) Cherniawsky,,arrowleaf sweet coltsfoot,Asteraceae,Y,Y,,,Unknown (Least Concern),,,,
Phalaris arundinacea,L.,,reed canarygrass,Poaceae,Y,Y,,,Unknown (Least Concern),,,,
Philadelphus lewisii,Pursh,,mock-orange,Hydrangeaceae,Y,Y,,,/,,,,
Phyllospadix scouleri,Hook. and P. torreyi S. Watson,,surf-grass/seagrass,Zosteraceae,Y,Y,,,Stable (Least Concern),,,,
Physocarpus capitatus,(Pursh) Kuntze,,Pacific ninebark,Rosaceae,Y,Y,,,/,,,,
Physocarpus malvaceus,(Greene) Kuntze,,mallow ninebark,Rosaceae,Y,Y,,,/,,,,
Plantago major,L.,,"broadleaved plantain, or common plantain",Plantaginaceae,Y,Y,,,Unknown (Least Concern),,,,
Plantago maritima,L.,,"seaside plantain, or goose tongue",Plantaginaceae,Y,Y,,,Unknown (Least Concern),,,,
Platanthera dilatata,(Pursh) Lindl. ex Beck,,scented bog orchid,Orchidaceae,Y,Y,,,/,,,,
Platanthera stricta,Lindl.,,slender bog orchid,Orchidaceae,Y,Y,,,/,,,,
Platanthera hyperborea,(L.) Lindl,,northern green orchid,Orchidaceae,Y,N,,,Unknown (Least Concern),,,,
Populus balsamifera,L. ssp. balsamifera,,balsam poplar,Salicaceae,Y,Y,,,Stable (Least Concern),,,,
Populus balsamifera ssp. trichocarpa,(Torr. & A. Gray ex Hook.) Brayshaw,,black cottonwood,Salicaceae,Y,Y,,,Stable (Least Concern),,,,
Populus tremuloides,Michx,,trembling aspen,Salicaceae,Y,Y,,,Stable (Least Concern),,,,
Potamogeton natans,L.,,floating pondweed,Potamogetonaceae,Y,Y,,,Stable (Least Concern),,,,
Prunus emarginata,(Douglas ex Hook.) D. Dietr.,,bitter cherry,Rosaceae,Y,Y,,,Stable (Least Concern),,,,
Prunus pensylvanica,L. f.,,pin cherry,Rosaceae,Y,Y,,,Stable (Least Concern),,,,
Prunus virginiana,L.,,choke cherry,Rosaceae,Y,Y,,,Stable (Least Concern),,,,
Pseudoroegneria spicata,(Pursh) A. Löve,,bluebunch wheatgrass,Poaceae,Y,Y,,,/,,,,
Pterospora andromedea,Nutt.,,pinedrops,Monotropaceae,Y,Y,,,/,,,,
Purshia tridentata,(Pursh) DC.,,antelope-brush,Rosaceae,Y,Y,,,/,,,,
Pyrola asarifolia,Michx.,,common pyrola/common pink wintergreen,Pyrolaceae,Y,Y,,,/,,,,
Quercus garryana,Douglas ex Hook.,,garry oak,Fagaceae,Y,Y,,,Stable (Least Concern),,,,
Ranunculus glaberrimus,Hook.,,sagebrush buttercup,Ranunculaceae,Y,Y,,,/,,,,
Ranunculus acris,L.,,tall buttercup,Ranunculaceae,Y,Y,,,Stable (Least Concern),,,,
Ranunculus occidentalis,Nutt.,,western buttercup,Ranunculaceae,Y,Y,,,/,,,,
Rhodiola rosea,L.,,roseroot stonecrop,Crassulaceae,Y,Y,,,/,,,,
Rhododendron albiflorum,Hook.,,white mountain rhododendron,Ericaceae,Y,Y,,,/,,,,
Rhododendron groenlandicum,(Oeder) K.A. Kron & W.S. Judd,,Labrador-tea,Ericaceae,N,N,,,/,,,,
Rhododendron neoglandulosum,Harmaja (syn. L. glandulosum Nutt.),,"trapper’s tea, or western Labrador-tea",Ericaceae,N,N,,,/,,,,
Rhus glabra,L.,,smooth sumac,Anacardiaceae,Y,Y,,,Stable (Least Concern),,,,
Ribes aureum,Pursh,,golden currant,Grossulariaceae,Y,Y,,,/,,,,
Ribes bracteosum,Douglas ex Hook.,,gray currant/stink currant,Grossulariaceae,Y,Y,,,/,,,,
Ribes cereum,Douglas,,desert currant/wax currant,Grossulariaceae,Y,Y,,,/,,,,
Ribes divaricatum,Douglas,,coastal black gooseberry,Grossulariaceae,Y,Y,,,/,,,,
Ribes lobbii,A. Gray,,gummy gooseberry,Grossulariaceae,Y,Y,,,/,,,,
Ribes inerme,Rydb.,,whitestem gooseberry,Grossulariaceae,Y,Y,,,/,,,,
Ribes oxyacanthoides,L. ssp. irriguum (Douglas) Sinnott,,northern gooseberry,Grossulariaceae,Y,Y,,,/,,,,
Ribes hudsonianum,Richardson,,northern black currant,Grossulariaceae,Y,Y,,,/,,,,
Ribes lacustre,(Pers.) Poir.,,"prickly currant, or swamp gooseberry",Grossulariaceae,Y,Y,,,/,,,,
Ribes laxiflorum,Pursh,,trailing currant,Grossulariaceae,Y,Y,,,Unknown (Least Concern),,,,
Ribes glandulosum,Grauer,,skunk currant,Grossulariaceae,Y,Y,,,Unknown (Least Concern),,,,
Ribes sanguineum,Pursh,,red-flowering currant,Grossulariaceae,Y,Y,,,/,,,,
Ribes triste,Pall.,,northern red currant,Grossulariaceae,Y,Y,,,/,,,,
Rosa acicularis,Lindl.,,prickly rose,Rosaceae,Y,Y,,,Unknown (Least Concern),,,,
Rosa nutkana,C. Presl,,Nootka rose,Rosaceae,Y,Y,,,/,,,,
Rosa pisocarpa,A. Gray,,swamp rose,Rosaceae,Y,Y,,,/,,,,
Rosa woodsii,Lindl.,,Wood’s rose,Rosaceae,Y,Y,,,/,,,,
Rosa gymnocarpa,Nutt.,,"dwarf wild rose, or baldhip rose",Rosaceae,Y,Y,,,/,,,,
Rubus arcticus,L. ssp. acaulis (Michx.) Focke,,"nagoonberry, dwarf raspberry",Rosaceae,Y,Y,,,Unknown (Least Concern),,,,
Rubus chamaemorus,L.,,"cloudberry, or bakeapple",Rosaceae,Y,Y,,,Unknown (Least Concern),,,,
Rubus idaeus,L.,,"wild raspberry, or American red raspberry",Rosaceae,Y,Y,,,/,,,,
Rubus leucodermis,Douglas ex Torr. & A. Gray,,"blackcap, or black raspberry",Rosaceae,Y,Y,,,/,,,,
Rubus parviflorus,Nutt.,,thimbleberry,Rosaceae,Y,Y,,,/,,,,
Rubus pedatus,Sm.,,trailing raspberry,Rosaceae,Y,Y,,,Unknown (Least Concern),,,,
Rubus pubescens,Raf.,,dwarf red raspberry,Rosaceae,Y,Y,,,Unknown (Least Concern),,,,
Rubus spectabilis,Pursh,,salmonberry,Rosaceae,Y,Y,,,/,,,,
Rubus ursinus,Cham. & Schltdl.,,trailing blackberry,Rosaceae,Y,Y,,,/,,,,
Rumex aquaticus,L. var. fenestratus (Greene) Dorn,,western dock,Polygonaceae,Y,Y,,,/,,,,
Sagittaria latifolia,Willd.,,"wapato, or broadleaf arrowhead",Alismataceae,Y,Y,,,Unknown (Least Concern),,,,
Sagittaria cuneata,Sheldon,,arumleaf arrowhead,Alismataceae,Y,Y,,,Unknown (Least Concern),,,,
Salix barclayi,Andersson,,Barclay’s willow,Salicaeae,Y,N,,,Stable (Least Concern),,,,
Salix bebbiana,Sarg.,,Bebb willow,Salicaeae,Y,Y,,,Unknown (Least Concern),,,,
Salix discolor,Muhl.,,pussy willow,Salicaeae,Y,Y,,,Stable (Least Concern),,,,
Salix hookeriana,Barratt ex Hook. ,,Hooker's willow,Salicaeae,Y,Y,,,Stable (Least Concern),,,,
Salix scouleriana,Barratt ex Hook. ,,Scouler’s willow,Salicaeae,Y,Y,,,Stable (Least Concern),,,,
Salix sitchensis,Sanson ex Bong.,,Sitka willow,Salicaeae,Y,Y,,,Stable (Least Concern),,,,
Salix exigua,Nutt.,,"sandbar willow, or rope willow",Salicaceae,Y,Y,,,Stable (Least Concern),,,,
Salix lucida,Muhl. ssp. lasiandra (Benth.) E. Murray,,Pacific willow,Salicaceae,Y,Y,,,Stable (Least Concern),,,,
Sambucus nigra,L. ssp. cerulea (Raf.) R. Bolli,,blue elderberry,Caprifoliaceae,Y,Y,,,Stable (Least Concern),,,,
Sambucus racemosa,L. ,,red elderberry,Caprifoliaceae,Y,Y,,,Stable (Least Concern),,,,
Schoenoplectus acutus,(Muhl. ex Bigelow) A. Löve & D. Löve,,hardstem bulrush,Cyperaceae,Y,Y,,,Unknown (Least Concern),,,,
Schoenoplectus americanus,(Pers.) Volkart ex Schinz & R. Keller,,Olney’s three-square bulrush,Cyperaceae,Y,Y,,,Unknown (Least Concern),,,,
Scirpus microcarpus,J. Presl & C. Presl,,"small-flowered bulrush, or “cutgrass”",Cyperaceae,Y,Y,,,Unknown (Least Concern),,,,
Sedum divergens,S. Watson,,Pacific stonecrop,Crassulaceae,Y,Y,,,/,,,,
Sedum oreganum,Nutt.,,Oregon stonecrop,Crassulaceae,Y,N,,,/,,,,
Shepherdia canadensis,(L.) Nutt.,,"soapberry, or russet buffaloberry",Elaeagnaceae,Y,Y,,,/,,,,
Sium suave,Walter,,water-parsnip,Apiaceae,Y,Y,,,Unknown (Least Concern),,,,
Solidago canadensis,L.,,Canada goldenrod,Asteraceae,Y,Y,,,/,,,,
Sorbus sitchensis,M. Roem.,,western mountain-ash,Rosaceae,Y,Y,,,Stable (Least Concern),,,,
Sorbus scopulina,Greene,,Greene’s mountain-ash,Rosaceae,Y,Y,,,Stable (Least Concern),,,,
Spiraea betulifolia,Pall,,birch-leaved spiraea,Rosaceae,Y,Y,,,/,,,,
Spiraea douglasii,Hook.,,hardhack,Rosaceae,Y,Y,,,/,,,,
Stachys chamissonis,Benth. var. cooleyae (A. Heller) G. Mulligan & D. Munro,,coastal hedge-nettle,Lamiaceae,Y,N,,,/,,,,
Streptopus amplexifolius,(L.) DC.,,clasping twistedstalk,Liliaceae,Y,Y,,,/,,,,
Streptopus streptopoides,(Ledeb.) Frye & Rigg,,small twistedstalk,Liliaceae,Y,N,,,/,,,,
Symphoricarpos albus,(L.) S.F. Blake,,"common snowberry, or waxberry",Caprifoliaceae,Y,Y,,,/,,,,
Thalictrum occidentale,Gray,,western meadowrue,Ranunculaceae,Y,Y,,,/,,,,
Toxicodendron rydbergii,(Small ex Rydb.) Greene,,western poison-ivy,Anacardiaceae,Y,Y,,,/,,,,
Trifolium wormskioldii,Lehm.,,springbank clover,Fabaceae,Y,Y,,,/,,,,
Triglochin maritima,L.,,seaside arrowgrass,Juncaginaceae,Y,Y,,,Unknown (Least Concern),,,,
Trillium ovatum,Pursh,,western trillium,Liliaceae,Y,Y,,,Unknown (Least Concern),,,,
Trillium petiolatum,Pursh,,round-leaved trillium,Liliaceae,Y,Y,,,Unknown (Least Concern),,,,
Triteleia grandiflora,Lindl,,large-flowered triteleia,Liliaceae,Y,Y,,,/,,,,
Typha latifolia,L.,,cattail,Typhaceae,Y,Y,,,Stable (Least Concern),,,,
Urtica dioica,L.,,stinging nettle,Urticaceae,Y,Y,,,Unknown (Least Concern),,,,
Vaccinium alaskaense,Howell,,Alaska blueberry,Ericaceae,Y,N,,,/,,,,
Vaccinium caespitosum,Michx.,,dwarf bilberry,Ericaceae,Y,Y,,,/,,,,
Vaccinium membranaceum,Douglas ex Torr.,,"black mountain huckleberry, or thinleaf huckleberry",Ericaceae,Y,Y,,,/,,,,
Vaccinium myrtilloides,Michx.,,"velvetleaf blueberry, or Canada blueberry",Ericaceae,Y,Y,,,/,,,,
Vaccinium ovalifolium,Sm.,,oval-leaved blueberry,Ericaceae,Y,Y,,,/,,,,
Vaccinium ovatum,Pursh,,evergreen huckleberry,Ericaceae,Y,Y,,,/,,,,
Vaccinium oxycoccos,L.,,"bog cranberry, or small cranberry",Ericaceae,Y,Y,,,Unknown (Least Concern),,,,
Vaccinium parvifolium,Sm.,,red huckleberry,Ericaceae,Y,Y,,,/,,,,
Vaccinium scoparium,Leiberg ex Coville,,grouseberry,Ericaceae,Y,Y,,,/,,,,
Vaccinium myrtillus,L.,,whortleberry,Ericaceae,Y,Y,,,/,,,,
Vaccinium uliginosum,L.,,bog blueberry,Ericaceae,Y,Y,,,/,,,,
Vaccinium vitis-idaea,L.,,"lingonberry, or lowbush cranberry",Ericaceae,Y,Y,,,Unknown (Least Concern),,,,
Valeriana edulis,Nutt. ex Torr. & A. Gray,,"tobacco root, or edible valerian",Valerianaceae,Y,Y,,,/,,,,
Valeriana sitchensis,Bong,,"mountain valerian, or Sitka valerian",Valerianaceae,Y,Y,,,/,,,,
Veratrum viride,Aiton,,"false hellebore, or green hellebore",Liliaceae,Y,Y,,,/,,,,
Viburnum edule,(Michx.) Raf,,"highbush cranberry, or squashberry",Caprifoliaceae,Y,Y,,,/,,,,
Viburnum opulus,L.,,"American highbush cranberry, or bush cranberry",Caprifoliaceae,Y,Y,,,/,,,,
Vicia nigricans ssp. gigantea,(Hook.) Lassetter & C.R. Gunn.,,giant vetch,Fabaceae,Y,Y,,,/,,,,
Viola adunca,Sm. var. adunca,,early blue violet,Violaceae,Y,Y,,,/,,,,
Xerophyllum tenax,(Pursh) Nutt.,,common beargrass,Liliaceae,Y,Y,,,/,,,,
Zigadenus venenosus,S. Watson,,"death camas, meadow death camas",Liliaceae,Y,Y,,,/,,,,
Zigadenus elegans,Pursh,,mountain death camas,Liliaceae,Y,Y,,,/,,,,
Zostera marina,L.,,eelgrass,Zosteraceae,Y,Y,,,Decreasing (Least Concern),,,,
,,,,,,,,,,,,,
Species extracted from,Names of Native Plant Species in Indigenous Languages of Northwestern North America,,,,,,,,,,,,
"There are also algae, lichens, fungi and bryophytes listed in the document. We could decide to omit these",,,,,,,,,,,,,