Species,LEVEL2
Abies amabilis,6.2
Abies amabilis,7.1
Abies amabilis,10.1
Abies amabilis,6.1
Abies grandis,6.2
Abies grandis,7.1
Abies grandis,10.1
Abies grandis,5.4
Abies grandis,6.1
Abies lasiocarpa,6.2
Abies lasiocarpa,10.1
Abies lasiocarpa,7.1
Abies lasiocarpa,3.3
Abies lasiocarpa,6.1
Abies lasiocarpa,5.4
Abies lasiocarpa,3.2
Acer circinatum,6.2
Acer circinatum,7.1
Acer circinatum,10.1
Acer glabrum,7.1
Acer glabrum,6.2
Acer glabrum,10.1
Acer glabrum,6.1
Acer macrophyllum,6.2
Acer macrophyllum,7.1
Acer macrophyllum,10.1
Achlys triphylla,6.2
Achlys triphylla,7.1
Achlys triphylla,10.1
Actaea rubra,6.1
Actaea rubra,6.2
Actaea rubra,7.1
Actaea rubra,10.1
Actaea rubra,5.4
Actaea rubra,3.3
Actaea rubra,3.1
Actaea rubra,3.2
Adiantum aleuticum,6.2
Adiantum aleuticum,7.1
Adiantum aleuticum,10.1
Agoseris glauca,6.2
Agoseris glauca,10.1
Agoseris glauca,7.1
Agoseris glauca,6.1
Agoseris glauca,5.4
Agoseris glauca,3.3
Allium cernuum,6.2
Allium cernuum,10.1
Allium cernuum,7.1
Allium cernuum,3.3
Allium cernuum,5.4
Allium geyeri,6.2
Allium geyeri,10.1
Allium geyeri,7.1
Allium schoenoprasum,3.1
Allium schoenoprasum,6.2
Allium schoenoprasum,10.1
Allium schoenoprasum,5.4
Allium schoenoprasum,6.1
Allium schoenoprasum,2.2
Allium schoenoprasum,7.1
Allium schoenoprasum,3.3
Allium schoenoprasum,3.2
Allium schoenoprasum,2.3
Alnus incana,6.2
Alnus incana,7.1
Alnus incana,3.1
Alnus incana,6.1
Alnus incana,10.1
Alnus incana,2.2
Alnus incana,5.4
Alnus incana,3.3
Alnus incana,3.2
Alnus incana,2.3
Alnus rubra,7.1
Alnus rubra,6.2
Alnus rubra,10.1
Alnus rubra,6.1
Alnus viridis,6.2
Alnus viridis,3.1
Alnus viridis,3.3
Alnus viridis,5.4
Alnus viridis,7.1
Alnus viridis,2.3
Alnus viridis,10.1
Alnus viridis,6.1
Alnus viridis,3.2
Alnus viridis,2.2
Amelanchier alnifolia,10.1
Amelanchier alnifolia,6.2
Amelanchier alnifolia,7.1
Amelanchier alnifolia,5.4
Amelanchier alnifolia,6.1
Amelanchier alnifolia,3.3
Amelanchier alnifolia,3.2
Amelanchier alnifolia,3.1
Anemone multifida,6.2
Anemone multifida,7.1
Anemone multifida,10.1
Anemone multifida,6.1
Anemone multifida,3.1
Anemone multifida,5.4
Anemone multifida,2.3
Anemone multifida,3.3
Anemone multifida,2.2
Anemone multifida,3.2
Angelica genuflexa,7.1
Angelica genuflexa,6.2
Angelica genuflexa,10.1
Angelica genuflexa,6.1
Angelica genuflexa,2.2
Angelica lucida,7.1
Angelica lucida,6.1
Angelica lucida,6.2
Angelica lucida,2.2
Angelica lucida,3.1
Antennaria neglecta,6.2
Antennaria neglecta,5.4
Antennaria neglecta,10.1
Antennaria neglecta,7.1
Antennaria neglecta,6.1
Antennaria neglecta,3.3
Apocynum androsaemifolium,10.1
Apocynum androsaemifolium,6.2
Apocynum androsaemifolium,6.1
Apocynum androsaemifolium,7.1
Apocynum androsaemifolium,5.4
Apocynum androsaemifolium,3.3
Apocynum androsaemifolium,3.1
Apocynum androsaemifolium,3.2
Apocynum cannabinum,6.2
Apocynum cannabinum,10.1
Apocynum cannabinum,5.4
Apocynum cannabinum,7.1
Aquilegia formosa,6.1
Aquilegia formosa,6.2
Aquilegia formosa,10.1
Aquilegia formosa,7.1
Aquilegia formosa,5.4
Aquilegia formosa,3.2
Aralia nudicaulis,5.4
Aralia nudicaulis,6.1
Aralia nudicaulis,6.2
Aralia nudicaulis,3.3
Aralia nudicaulis,10.1
Aralia nudicaulis,7.1
Arbutus menziesii,6.2
Arbutus menziesii,7.1
Arctostaphylos uva-ursi,6.2
Arctostaphylos uva-ursi,7.1
Arctostaphylos uva-ursi,10.1
Arctostaphylos uva-ursi,6.1
Arctostaphylos uva-ursi,5.4
Arctostaphylos uva-ursi,3.2
Arctostaphylos uva-ursi,3.1
Arctostaphylos uva-ursi,2.2
Arctostaphylos uva-ursi,2.3
Arctostaphylos uva-ursi,3.3
Argentina anserina,6.2
Argentina anserina,10.1
Argentina anserina,5.4
Argentina anserina,7.1
Argentina anserina,6.1
Argentina egedii,7.1
Arnica cordifolia,6.2
Arnica cordifolia,6.1
Arnica cordifolia,10.1
Arnica cordifolia,7.1
Arnica cordifolia,3.3
Arnica cordifolia,5.4
Artemisia dracunculus,10.1
Artemisia dracunculus,6.2
Artemisia dracunculus,3.3
Artemisia dracunculus,5.4
Artemisia dracunculus,6.1
Artemisia dracunculus,7.1
Artemisia frigida,6.2
Artemisia frigida,10.1
Artemisia frigida,6.1
Artemisia frigida,3.3
Artemisia frigida,3.1
Artemisia frigida,2.3
Artemisia frigida,3.2
Artemisia frigida,2.2
Artemisia frigida,7.1
Artemisia frigida,5.4
Artemisia ludoviciana,6.2
Artemisia ludoviciana,10.1
Artemisia ludoviciana,7.1
Artemisia ludoviciana,3.3
Artemisia ludoviciana,5.4
Artemisia tilesii,2.2
Artemisia tilesii,3.1
Artemisia tilesii,2.3
Artemisia tilesii,7.1
Artemisia tilesii,6.1
Artemisia tilesii,3.2
Artemisia tilesii,6.2
Artemisia tilesii,10.1
Artemisia tilesii,3.3
Artemisia tridentata,10.1
Artemisia tridentata,6.2
Artemisia tridentata,7.1
Aruncus dioicus,7.1
Aruncus dioicus,6.2
Aruncus dioicus,2.2
Aruncus dioicus,6.1
Asclepias speciosa,10.1
Asclepias speciosa,6.2
Asclepias speciosa,7.1
Asclepias speciosa,5.4
Athyrium filix-femina,6.2
Athyrium filix-femina,7.1
Athyrium filix-femina,10.1
Athyrium filix-femina,5.4
Athyrium filix-femina,6.1
Athyrium filix-femina,3.1
Athyrium filix-femina,2.2
Athyrium filix-femina,2.3
Athyrium filix-femina,3.2
Athyrium filix-femina,3.3
Balsamorhiza sagittata,10.1
Balsamorhiza sagittata,6.2
Balsamorhiza sagittata,7.1
Balsamorhiza sagittata,6.1
Betula nana,6.2
Betula nana,3.1
Betula nana,2.3
Betula nana,2.2
Betula nana,6.1
Betula nana,7.1
Betula nana,3.2
Betula nana,3.3
Betula nana,10.1
Betula occidentalis,6.2
Betula occidentalis,3.2
Betula occidentalis,6.1
Betula occidentalis,10.1
Betula occidentalis,2.3
Betula occidentalis,3.3
Betula occidentalis,5.4
Betula occidentalis,2.2
Betula occidentalis,3.1
Betula occidentalis,7.1
Betula papyrifera,7.1
Betula papyrifera,6.2
Betula papyrifera,3.1
Betula papyrifera,6.1
Betula papyrifera,2.3
Betula papyrifera,2.2
Betula papyrifera,3.2
Betula papyrifera,5.4
Betula papyrifera,10.1
Betula papyrifera,3.3
Betula pumila,5.4
Betula pumila,3.2
Betula pumila,6.1
Betula pumila,6.2
Betula pumila,7.1
Betula pumila,3.3
Betula pumila,10.1
Blechnum spicant,6.2
Blechnum spicant,7.1
Blechnum spicant,3.1
Blechnum spicant,10.1
Boschniakia hookeri,7.1
Boschniakia hookeri,6.2
Boschniakia rossica,6.1
Boschniakia rossica,2.3
Boschniakia rossica,3.2
Boschniakia rossica,3.3
Boschniakia rossica,7.1
Boschniakia rossica,3.1
Boschniakia rossica,6.2
Boschniakia rossica,2.2
Bromus carinatus,10.1
Bromus carinatus,6.2
Bromus carinatus,7.1
Bromus carinatus,6.1
Calamagrostis rubescens,6.2
Calamagrostis rubescens,10.1
Calamagrostis rubescens,7.1
Calamagrostis rubescens,6.1
Calamagrostis rubescens,5.4
Calochortus macrocarpus,10.1
Calochortus macrocarpus,6.2
Calochortus macrocarpus,7.1
Camassia leichtlinii,6.2
Camassia leichtlinii,7.1
Camassia quamash,6.2
Camassia quamash,7.1
Camassia quamash,10.1
Camassia quamash,5.4
Campanula rotundifolia,6.2
Campanula rotundifolia,10.1
Campanula rotundifolia,3.3
Campanula rotundifolia,5.4
Campanula rotundifolia,7.1
Campanula rotundifolia,3.1
Campanula rotundifolia,6.1
Carex obnupta,7.1
Carex obnupta,6.2
Carex obnupta,10.1
Carex obnupta,6.1
Carex rostrata,6.1
Carex rostrata,6.2
Carex rostrata,3.1
Carex rostrata,10.1
Carex rostrata,5.4
Carex rostrata,7.1
Carex rostrata,2.2
Carex rostrata,3.2
Carex rostrata,3.3
Castilleja hispida,7.1
Castilleja hispida,6.2
Castilleja hispida,10.1
Castilleja hispida,5.4
Castilleja hispida,3.3
Castilleja miniata,6.2
Castilleja miniata,10.1
Castilleja miniata,7.1
Castilleja miniata,6.1
Castilleja miniata,5.4
Castilleja miniata,3.3
Ceanothus sanguineus,6.2
Ceanothus sanguineus,7.1
Ceanothus sanguineus,10.1
Ceanothus velutinus,6.2
Ceanothus velutinus,10.1
Ceanothus velutinus,7.1
Chenopodium capitatum,6.2
Chenopodium capitatum,3.3
Chenopodium capitatum,10.1
Chenopodium capitatum,3.2
Chenopodium capitatum,5.4
Chenopodium capitatum,7.1
Chenopodium capitatum,6.1
Chimaphila umbellata,6.2
Chimaphila umbellata,7.1
Chimaphila umbellata,10.1
Chimaphila umbellata,6.1
Chimaphila umbellata,3.3
Chimaphila umbellata,5.4
Cicuta douglasii,6.2
Cicuta douglasii,7.1
Cicuta douglasii,10.1
Cicuta douglasii,3.1
Cicuta douglasii,2.2
Cicuta douglasii,6.1
Cicuta douglasii,5.4
Cicuta douglasii,3.3
Cicuta virosa,6.1
Cicuta virosa,3.1
Cicuta virosa,5.4
Cicuta virosa,3.3
Cicuta virosa,2.2
Cicuta virosa,7.1
Cicuta virosa,3.2
Cicuta virosa,10.1
Cirsium brevistylum,6.2
Cirsium brevistylum,7.1
Cirsium brevistylum,10.1
Cirsium edule,7.1
Cirsium edule,6.2
Cirsium edule,10.1
Cirsium edule,6.1
Cirsium hookerianum,6.2
Cirsium hookerianum,5.4
Cirsium hookerianum,10.1
Cirsium hookerianum,7.1
Cirsium undulatum,6.2
Cirsium undulatum,10.1
Cirsium undulatum,7.1
Cirsium undulatum,5.4
Claytonia lanceolata,10.1
Claytonia lanceolata,6.2
Claytonia lanceolata,7.1
Claytonia lanceolata,5.4
Claytonia sibirica,6.2
Claytonia sibirica,7.1
Claytonia sibirica,10.1
Claytonia sibirica,2.2
Claytonia sibirica,6.1
Clematis columbiana,10.1
Clematis columbiana,6.2
Clematis ligusticifolia,10.1
Clematis ligusticifolia,6.2
Clematis ligusticifolia,7.1
Clematis ligusticifolia,5.4
Clematis occidentalis,6.2
Clematis occidentalis,10.1
Clematis occidentalis,6.1
Clematis occidentalis,5.4
Clintonia uniflora,6.2
Clintonia uniflora,7.1
Clintonia uniflora,10.1
Clintonia uniflora,6.1
Comandra umbellata,6.2
Comandra umbellata,10.1
Comandra umbellata,5.4
Comandra umbellata,7.1
Comandra umbellata,6.1
Comandra umbellata,3.3
Comandra umbellata,3.1
Comarum palustre,7.1
Comarum palustre,6.2
Comarum palustre,10.1
Comarum palustre,2.3
Comarum palustre,3.1
Comarum palustre,6.1
Comarum palustre,5.4
Comarum palustre,3.3
Comarum palustre,2.2
Comarum palustre,3.2
Conioselinum gmelinii,7.1
Cornus canadensis,10.1
Cornus canadensis,7.1
Cornus canadensis,6.1
Cornus canadensis,3.1
Cornus canadensis,6.2
Cornus canadensis,3.2
Cornus canadensis,3.3
Cornus canadensis,5.4
Cornus canadensis,2.2
Cornus nuttallii,6.2
Cornus nuttallii,7.1
Cornus nuttallii,10.1
Cornus nuttallii,6.1
Cornus sericea,7.1
Cornus sericea,6.2
Cornus sericea,10.1
Cornus sericea,6.1
Cornus sericea,3.3
Cornus sericea,3.1
Cornus sericea,3.2
Cornus sericea,5.4
Cornus suecica,7.1
Cornus suecica,6.1
Cornus suecica,10.1
Cornus suecica,2.2
Cornus suecica,3.1
Cornus suecica,2.3
Cornus unalaschkensis,6.2
Cornus unalaschkensis,7.1
Cornus unalaschkensis,10.1
Cornus unalaschkensis,6.1
Cornus unalaschkensis,3.3
Cornus unalaschkensis,3.2
Cornus unalaschkensis,3.1
Cornus unalaschkensis,2.3
Cornus unalaschkensis,2.2
Corylus cornuta,6.2
Corylus cornuta,10.1
Corylus cornuta,7.1
Corylus cornuta,5.4
Crataegus douglasii,6.2
Crataegus douglasii,10.1
Crataegus douglasii,7.1
Delphinium nuttallianum,10.1
Delphinium nuttallianum,6.2
Delphinium nuttallianum,7.1
Delphinium nuttallianum,6.1
Delphinium nuttallianum,5.4
Dicentra formosa,6.2
Dicentra formosa,7.1
Dicentra formosa,10.1
Dodecatheon hendersonii,6.2
Dodecatheon hendersonii,7.1
Dodecatheon jeffreyi,6.2
Dodecatheon jeffreyi,7.1
Dodecatheon jeffreyi,10.1
Dodecatheon jeffreyi,6.1
Dodecatheon pulchellum,6.2
Dodecatheon pulchellum,10.1
Dodecatheon pulchellum,5.4
Dodecatheon pulchellum,7.1
Dodecatheon pulchellum,3.3
Dodecatheon pulchellum,6.1
Dodecatheon pulchellum,3.1
Dodecatheon pulchellum,3.2
Dodecatheon pulchellum,2.2
Drosera rotundifolia,6.2
Drosera rotundifolia,7.1
Drosera rotundifolia,10.1
Drosera rotundifolia,5.4
Drosera rotundifolia,3.3
Drosera rotundifolia,6.1
Drosera rotundifolia,3.1
Drosera rotundifolia,2.2
Drosera rotundifolia,3.2
Drosera rotundifolia,2.3
Dryopteris expansa,6.2
Dryopteris expansa,7.1
Dryopteris expansa,10.1
Dryopteris expansa,6.1
Dryopteris expansa,3.3
Dryopteris expansa,5.4
Dryopteris expansa,3.2
Dryopteris expansa,2.2
Dryopteris expansa,3.1
Dryopteris expansa,2.3
Elaeagnus commutata,3.1
Elaeagnus commutata,6.1
Elaeagnus commutata,5.4
Elaeagnus commutata,7.1
Elaeagnus commutata,10.1
Elaeagnus commutata,3.2
Elaeagnus commutata,6.2
Elaeagnus commutata,3.3
Empetrum nigrum,7.1
Empetrum nigrum,6.1
Empetrum nigrum,10.1
Empetrum nigrum,6.2
Empetrum nigrum,3.3
Empetrum nigrum,3.2
Empetrum nigrum,2.2
Empetrum nigrum,2.3
Empetrum nigrum,3.1
Empetrum nigrum,5.4
Epilobium angustifolium,3.2
Epilobium angustifolium,3.1
Epilobium angustifolium,5.4
Equisetum arvense,6.2
Equisetum arvense,5.4
Equisetum arvense,7.1
Equisetum arvense,3.1
Equisetum arvense,2.3
Equisetum arvense,10.1
Equisetum arvense,2.2
Equisetum arvense,3.3
Equisetum arvense,3.2
Equisetum arvense,6.1
Equisetum hyemale,3.3
Equisetum hyemale,6.2
Equisetum hyemale,10.1
Equisetum hyemale,7.1
Equisetum hyemale,5.4
Equisetum hyemale,6.1
Equisetum hyemale,3.1
Equisetum hyemale,2.2
Equisetum telmateia,6.2
Equisetum telmateia,7.1
Equisetum telmateia,10.1
Ericameria nauseosa,6.2
Ericameria nauseosa,10.1
Ericameria nauseosa,5.4
Ericameria nauseosa,7.1
Eriophorum angustifolium,2.2
Eriophorum angustifolium,3.3
Eriophorum angustifolium,6.2
Eriophorum angustifolium,5.4
Eriophorum angustifolium,6.1
Eriophorum angustifolium,7.1
Eriophorum angustifolium,3.2
Eriophorum angustifolium,2.3
Eriophorum angustifolium,10.1
Eriophorum angustifolium,3.1
Erythronium grandiflorum,6.2
Erythronium grandiflorum,7.1
Erythronium grandiflorum,10.1
Erythronium grandiflorum,6.1
Erythronium grandiflorum,5.4
Eurybia conspicua,6.2
Eurybia conspicua,5.4
Eurybia conspicua,10.1
Eurybia conspicua,7.1
Eurybia conspicua,3.3
Fragaria chiloensis,7.1
Fragaria virginiana,6.2
Fragaria virginiana,7.1
Fragaria virginiana,6.1
Fragaria virginiana,10.1
Fragaria virginiana,3.3
Fragaria virginiana,5.4
Fragaria virginiana,3.2
Fragaria virginiana,3.1
Frangula purshiana,7.1
Frangula purshiana,6.2
Frangula purshiana,10.1
Frasera montana,6.2
Fritillaria affinis,6.2
Fritillaria affinis,7.1
Fritillaria affinis,10.1
Fritillaria affinis,6.1
Fritillaria camschatcensis,2.2
Fritillaria camschatcensis,7.1
Fritillaria camschatcensis,6.1
Fritillaria camschatcensis,3.1
Fritillaria camschatcensis,6.2
Fritillaria camschatcensis,10.1
Fritillaria pudica,10.1
Fritillaria pudica,6.2
Gaillardia aristata,6.2
Gaillardia aristata,7.1
Gaillardia aristata,10.1
Gaillardia aristata,3.3
Gaillardia aristata,5.4
Galium triflorum,7.1
Galium triflorum,6.2
Galium triflorum,6.1
Galium triflorum,5.4
Galium triflorum,10.1
Galium triflorum,3.3
Galium triflorum,3.1
Galium triflorum,3.2
Gaultheria shallon,6.2
Gaultheria shallon,7.1
Geranium viscosissimum,10.1
Geranium viscosissimum,6.2
Geranium viscosissimum,5.4
Geranium viscosissimum,7.1
Geum macrophyllum,6.2
Geum macrophyllum,6.1
Geum macrophyllum,7.1
Geum macrophyllum,10.1
Geum macrophyllum,3.3
Geum macrophyllum,3.2
Geum macrophyllum,5.4
Geum macrophyllum,3.1
Geum macrophyllum,2.2
Geum macrophyllum,2.3
Geum triflorum,6.2
Geum triflorum,10.1
Geum triflorum,5.4
Geum triflorum,7.1
Geum triflorum,6.1
Glaux maritima,7.1
Glaux maritima,10.1
Glaux maritima,6.2
Glaux maritima,5.4
Glaux maritima,3.3
Gymnocarpium dryopteris,6.2
Gymnocarpium dryopteris,7.1
Gymnocarpium dryopteris,6.1
Gymnocarpium dryopteris,10.1
Gymnocarpium dryopteris,3.3
Gymnocarpium dryopteris,3.2
Gymnocarpium dryopteris,5.4
Gymnocarpium dryopteris,2.2
Gymnocarpium dryopteris,3.1
Gymnocarpium dryopteris,2.3
Hackelia diffusa,6.2
Hackelia diffusa,10.1
Hedysarum alpinum,2.3
Hedysarum alpinum,7.1
Hedysarum alpinum,3.3
Hedysarum alpinum,6.2
Hedysarum alpinum,6.1
Hedysarum alpinum,5.4
Hedysarum alpinum,3.1
Hedysarum alpinum,2.2
Hedysarum alpinum,3.2
Heracleum maximum,6.2
Heracleum maximum,10.1
Heracleum maximum,7.1
Heracleum maximum,6.1
Heracleum maximum,2.3
Heracleum maximum,2.2
Heracleum maximum,3.3
Heracleum maximum,5.4
Heuchera cylindrica,6.2
Heuchera cylindrica,10.1
Heuchera cylindrica,7.1
Heuchera cylindrica,5.4
Heuchera cylindrica,6.1
Hierochloe odorata,5.4
Hierochloe odorata,2.2
Hierochloe odorata,3.3
Hierochloe odorata,6.2
Holodiscus discolor,6.2
Holodiscus discolor,7.1
Holodiscus discolor,10.1
Hordeum jubatum,6.2
Hordeum jubatum,10.1
Hordeum jubatum,7.1
Hordeum jubatum,6.1
Hordeum jubatum,3.1
Hordeum jubatum,3.2
Hordeum jubatum,5.4
Hordeum jubatum,3.3
Hordeum jubatum,2.2
Juncus effusus,7.1
Juncus effusus,6.2
Juncus effusus,10.1
Juniperus communis,10.1
Juniperus communis,6.2
Juniperus communis,7.1
Juniperus communis,6.1
Juniperus communis,3.3
Juniperus communis,5.4
Juniperus communis,2.3
Juniperus communis,3.2
Juniperus communis,2.2
Juniperus communis,3.1
Juniperus scopulorum,6.2
Juniperus scopulorum,10.1
Juniperus scopulorum,7.1
Juniperus scopulorum,6.1
Juniperus scopulorum,5.4
Kalmia microphylla,6.2
Kalmia microphylla,7.1
Kalmia microphylla,10.1
Kalmia microphylla,6.1
Kalmia microphylla,3.3
Kalmia microphylla,3.2
Kalmia microphylla,5.4
Lappula occidentalis,10.1
Lappula occidentalis,6.2
Lappula occidentalis,6.1
Lappula occidentalis,7.1
Lappula occidentalis,2.2
Lappula occidentalis,3.2
Lappula occidentalis,3.1
Lappula occidentalis,3.3
Lappula occidentalis,5.4
Larix laricina,3.1
Larix laricina,5.4
Larix laricina,6.1
Larix laricina,3.3
Larix laricina,6.2
Larix laricina,7.1
Larix laricina,3.2
Larix occidentalis,6.2
Larix occidentalis,10.1
Larix occidentalis,7.1
Lathyrus japonicus,7.1
Lathyrus japonicus,2.2
Lathyrus japonicus,6.1
Lathyrus japonicus,5.4
Lathyrus japonicus,3.3
Lathyrus nevadensis,6.2
Lathyrus nevadensis,10.1
Lathyrus nevadensis,7.1
Lathyrus ochroleucus,6.2
Lathyrus ochroleucus,6.1
Lathyrus ochroleucus,10.1
Lathyrus ochroleucus,3.3
Lathyrus ochroleucus,5.4
Ledum glandulosum,6.2
Ledum glandulosum,10.1
Ledum glandulosum,7.1
Ledum groenlandicum,7.1
Ledum groenlandicum,3.3
Ledum groenlandicum,5.4
Ledum groenlandicum,3.2
Ledum groenlandicum,6.2
Ledum groenlandicum,6.1
Ledum groenlandicum,10.1
Ledum groenlandicum,3.1
Ledum groenlandicum,2.3
Lewisia rediviva,6.2
Lewisia rediviva,10.1
Leymus cinereus,10.1
Leymus cinereus,6.2
Leymus cinereus,6.1
Leymus mollis,3.3
Leymus mollis,2.2
Leymus mollis,7.1
Leymus mollis,6.2
Leymus mollis,6.1
Leymus mollis,10.1
Leymus mollis,3.1
Leymus mollis,2.3
Leymus mollis,3.2
Ligusticum canbyi,6.2
Ligusticum canbyi,10.1
Ligusticum canbyi,6.1
Ligusticum scoticum,7.1
Ligusticum scoticum,2.2
Ligusticum scoticum,6.1
Lilium columbianum,6.2
Lilium columbianum,7.1
Lilium columbianum,10.1
Linnaea borealis,6.1
Linnaea borealis,7.1
Linnaea borealis,6.2
Linnaea borealis,10.1
Linnaea borealis,2.2
Linnaea borealis,2.3
Linnaea borealis,5.4
Linnaea borealis,3.2
Linnaea borealis,3.3
Linnaea borealis,3.1
Lithospermum ruderale,6.2
Lithospermum ruderale,10.1
Lithospermum ruderale,7.1
Lithospermum ruderale,5.4
Lomatium canbyi,10.1
Lomatium canbyi,6.2
Lomatium cous,10.1
Lomatium cous,6.2
Lomatium dissectum,6.2
Lomatium dissectum,7.1
Lomatium dissectum,10.1
Lomatium dissectum,5.4
Lomatium geyeri,6.2
Lomatium geyeri,10.1
Lomatium macrocarpum,10.1
Lomatium macrocarpum,6.2
Lomatium macrocarpum,7.1
Lomatium nudicaule,6.2
Lomatium nudicaule,10.1
Lomatium nudicaule,7.1
Lonicera ciliosa,7.1
Lonicera ciliosa,6.2
Lonicera ciliosa,10.1
Lonicera ciliosa,3.3
Lonicera involucrata,7.1
Lonicera involucrata,6.2
Lonicera involucrata,5.4
Lonicera involucrata,10.1
Lupinus nootkatensis,6.1
Lupinus nootkatensis,2.2
Lupinus nootkatensis,3.1
Lupinus nootkatensis,7.1
Lupinus nootkatensis,6.2
Lupinus nootkatensis,10.1
Lupinus polyphyllus,6.2
Lupinus polyphyllus,7.1
Lupinus polyphyllus,10.1
Lupinus polyphyllus,6.1
Lycopodium clavatum,6.2
Lycopodium clavatum,6.1
Lycopodium clavatum,7.1
Lycopodium clavatum,2.3
Lycopodium clavatum,2.2
Lycopodium clavatum,3.1
Lycopodium clavatum,3.2
Lycopodium clavatum,5.4
Lycopodium clavatum,10.1
Lycopodium clavatum,3.3
Lysichiton americanus,6.2
Lysichiton americanus,10.1
Lysichiton americanus,7.1
Lysichiton americanus,5.4
Lysichiton americanus,6.1
Mahonia aquifolium,6.2
Mahonia aquifolium,7.1
Mahonia aquifolium,10.1
Mahonia nervosa,6.2
Mahonia nervosa,7.1
Mahonia nervosa,5.4
Maianthemum dilatatum,7.1
Maianthemum dilatatum,6.2
Maianthemum dilatatum,5.4
Maianthemum dilatatum,10.1
Maianthemum dilatatum,2.2
Maianthemum racemosum,7.1
Maianthemum racemosum,6.2
Maianthemum racemosum,10.1
Maianthemum racemosum,5.4
Malus fusca,7.1
Malus fusca,6.2
Malus fusca,10.1
Mentha arvensis,6.2
Mentha arvensis,10.1
Mentha arvensis,7.1
Mentha arvensis,2.2
Mentha arvensis,6.1
Mentha arvensis,3.1
Mentha arvensis,3.2
Menziesia ferruginea,6.2
Menziesia ferruginea,7.1
Menziesia ferruginea,10.1
Menziesia ferruginea,3.3
Menziesia ferruginea,6.1
Menziesia ferruginea,5.4
Menziesia ferruginea,3.1
Moneses uniflora,6.2
Moneses uniflora,3.3
Moneses uniflora,6.1
Moneses uniflora,7.1
Moneses uniflora,3.2
Moneses uniflora,5.4
Moneses uniflora,3.1
Moneses uniflora,2.2
Moneses uniflora,2.3
Moneses uniflora,10.1
Monotropa uniflora,7.1
Monotropa uniflora,5.4
Monotropa uniflora,6.2
Monotropa uniflora,10.1
Myrica gale,2.2
Myrica gale,7.1
Myrica gale,6.1
Myrica gale,3.3
Myrica gale,3.2
Myrica gale,3.1
Myrica gale,5.4
Myrica gale,6.2
Myrica gale,2.3
Nicotiana attenuata,10.1
Nicotiana attenuata,6.2
Nicotiana attenuata,7.1
Nicotiana quadrivalvis,7.1
Nicotiana quadrivalvis,6.2
Nicotiana quadrivalvis,10.1
Nuphar lutea,7.1
Nuphar lutea,6.2
Nuphar lutea,5.4
Nuphar lutea,10.1
Nuphar lutea,3.1
Oemleria cerasiformis,7.1
Oemleria cerasiformis,6.2
Oenanthe sarmentosa,6.2
Oenanthe sarmentosa,7.1
Oenanthe sarmentosa,10.1
Oplopanax horridus,6.2
Oplopanax horridus,7.1
Oplopanax horridus,6.1
Oplopanax horridus,3.1
Oplopanax horridus,10.1
Oplopanax horridus,5.4
Osmorhiza berteroi,6.2
Osmorhiza berteroi,7.1
Osmorhiza berteroi,10.1
Osmorhiza berteroi,5.4
Osmorhiza occidentalis,6.2
Osmorhiza occidentalis,10.1
Osmorhiza occidentalis,7.1
Oxalis oregana,7.1
Oxalis oregana,6.2
Oxyria digyna,7.1
Oxyria digyna,6.2
Oxyria digyna,6.1
Oxyria digyna,2.2
Oxyria digyna,3.2
Oxyria digyna,10.1
Oxyria digyna,2.3
Oxyria digyna,3.3
Oxyria digyna,3.1
Paxistima myrsinites,6.2
Paxistima myrsinites,10.1
Paxistima myrsinites,7.1
Paxistima myrsinites,6.1
Penstemon fruticosus,6.2
Penstemon fruticosus,10.1
Penstemon fruticosus,7.1
Perideridia gairdneri,7.1
Perideridia gairdneri,6.2
Perideridia gairdneri,10.1
Petasites frigidus,6.2
Petasites frigidus,3.1
Petasites frigidus,7.1
Petasites frigidus,6.1
Petasites frigidus,10.1
Petasites frigidus,5.4
Petasites frigidus,2.2
Petasites frigidus,2.3
Petasites frigidus,3.3
Petasites frigidus,3.2
Phalaris arundinacea,6.2
Phalaris arundinacea,10.1
Phalaris arundinacea,5.4
Phalaris arundinacea,7.1
Phalaris arundinacea,3.3
Phalaris arundinacea,6.1
Philadelphus lewisii,6.2
Philadelphus lewisii,10.1
Philadelphus lewisii,7.1
Phyllospadix scouleri,7.1
Phyllospadix scouleri,6.1
Physocarpus capitatus,7.1
Physocarpus capitatus,6.2
Physocarpus capitatus,10.1
Physocarpus malvaceus,6.2
Physocarpus malvaceus,10.1
Physocarpus malvaceus,7.1
Picea engelmannii,6.2
Picea engelmannii,10.1
Picea engelmannii,7.1
Picea engelmannii,6.1
Picea engelmannii,3.3
Picea engelmannii,5.4
Picea glauca,7.1
Picea glauca,6.2
Picea glauca,2.2
Picea glauca,2.3
Picea glauca,3.1
Picea glauca,6.1
Picea glauca,3.3
Picea glauca,3.2
Picea glauca,5.4
Picea glauca,10.1
Picea mariana,3.1
Picea mariana,2.3
Picea mariana,6.1
Picea mariana,7.1
Picea mariana,5.4
Picea mariana,6.2
Picea mariana,3.3
Picea mariana,3.2
Picea mariana,10.1
Picea sitchensis,7.1
Picea sitchensis,6.2
Picea sitchensis,10.1
Picea sitchensis,6.1
Picea sitchensis,2.2
Pinus contorta,6.2
Pinus contorta,7.1
Pinus contorta,10.1
Pinus contorta,6.1
Pinus contorta,3.3
Pinus contorta,5.4
Pinus contorta,3.2
Pinus monticola,6.2
Pinus monticola,10.1
Pinus monticola,7.1
Pinus ponderosa,10.1
Pinus ponderosa,6.2
Pinus ponderosa,7.1
Plantago maritima,3.1
Plantago maritima,7.1
Plantago maritima,6.1
Plantago maritima,3.3
Plantago maritima,5.4
Plantago maritima,2.2
Polypodium glycyrrhiza,7.1
Polypodium glycyrrhiza,6.2
Polypodium glycyrrhiza,10.1
Polypodium glycyrrhiza,2.3
Polypodium glycyrrhiza,3.1
Polypodium glycyrrhiza,2.2
Polystichum munitum,6.2
Polystichum munitum,7.1
Polystichum munitum,10.1
Polystichum munitum,3.1
Populus balsamifera,6.1
Populus balsamifera,6.2
Populus balsamifera,7.1
Populus balsamifera,5.4
Populus balsamifera,10.1
Populus balsamifera,3.3
Populus balsamifera,3.1
Populus balsamifera,3.2
Populus balsamifera,2.2
Populus balsamifera,2.3
Populus tremuloides,5.4
Populus tremuloides,6.2
Populus tremuloides,3.3
Populus tremuloides,10.1
Populus tremuloides,6.1
Populus tremuloides,7.1
Populus tremuloides,3.2
Populus tremuloides,3.1
Populus tremuloides,2.3
Populus tremuloides,2.2
Potamogeton natans,6.2
Potamogeton natans,10.1
Potamogeton natans,5.4
Potamogeton natans,7.1
Potamogeton natans,3.3
Potamogeton natans,3.1
Potamogeton natans,6.1
Potamogeton natans,3.2
Prunus emarginata,6.2
Prunus emarginata,10.1
Prunus emarginata,7.1
Prunus pensylvanica,6.2
Prunus pensylvanica,5.4
Prunus pensylvanica,3.3
Prunus pensylvanica,10.1
Prunus pensylvanica,7.1
Prunus virginiana,6.2
Prunus virginiana,10.1
Prunus virginiana,7.1
Prunus virginiana,5.4
Prunus virginiana,6.1
Prunus virginiana,3.3
Pseudoroegneria spicata,10.1
Pseudoroegneria spicata,6.2
Pseudoroegneria spicata,7.1
Pseudoroegneria spicata,3.1
Pseudoroegneria spicata,6.1
Pseudoroegneria spicata,3.2
Pseudoroegneria spicata,2.3
Pseudoroegneria spicata,5.4
Pseudotsuga menziesii,6.2
Pseudotsuga menziesii,7.1
Pseudotsuga menziesii,10.1
Pseudotsuga menziesii,5.4
Pteridium aquilinum,6.2
Pteridium aquilinum,7.1
Pteridium aquilinum,10.1
Pteridium aquilinum,5.4
Pteridium aquilinum,3.1
Purshia tridentata,6.2
Purshia tridentata,10.1
Purshia tridentata,7.1
Pyrola asarifolia,6.2
Pyrola asarifolia,7.1
Pyrola asarifolia,6.1
Pyrola asarifolia,10.1
Pyrola asarifolia,3.2
Pyrola asarifolia,5.4
Pyrola asarifolia,3.3
Pyrola asarifolia,2.3
Pyrola asarifolia,3.1
Pyrola asarifolia,2.2
Quercus garryana,6.2
Quercus garryana,7.1
Quercus garryana,10.1
Ranunculus glaberrimus,6.2
Ranunculus glaberrimus,10.1
Ranunculus glaberrimus,7.1
Ranunculus glaberrimus,5.4
Ranunculus occidentalis,7.1
Ranunculus occidentalis,6.2
Ranunculus occidentalis,10.1
Ranunculus occidentalis,6.1
Ranunculus occidentalis,2.2
Ranunculus occidentalis,5.4
Ranunculus occidentalis,3.2
Rhodiola rosea,2.2
Rhodiola rosea,7.1
Rhodiola rosea,6.1
Rhodiola rosea,3.1
Rhododendron albiflorum,6.2
Rhododendron albiflorum,7.1
Rhododendron albiflorum,10.1
Rhododendron albiflorum,5.4
Rhododendron albiflorum,3.3
Rhododendron albiflorum,6.1
Rhus glabra,10.1
Rhus glabra,6.2
Rhus glabra,7.1
Ribes aureum,10.1
Ribes aureum,6.2
Ribes aureum,7.1
Ribes bracteosum,7.1
Ribes bracteosum,6.2
Ribes cereum,6.2
Ribes cereum,10.1
Ribes cereum,7.1
Ribes divaricatum,7.1
Ribes divaricatum,6.2
Ribes divaricatum,10.1
Ribes glandulosum,3.2
Ribes glandulosum,3.3
Ribes glandulosum,5.4
Ribes glandulosum,6.2
Ribes glandulosum,6.1
Ribes glandulosum,7.1
Ribes glandulosum,3.1
Ribes glandulosum,2.2
Ribes hudsonianum,3.3
Ribes hudsonianum,6.2
Ribes hudsonianum,7.1
Ribes hudsonianum,10.1
Ribes hudsonianum,3.2
Ribes hudsonianum,3.1
Ribes hudsonianum,2.2
Ribes hudsonianum,6.1
Ribes hudsonianum,5.4
Ribes inerme,10.1
Ribes inerme,6.2
Ribes inerme,7.1
Ribes inerme,6.1
Ribes inerme,5.4
Ribes lacustre,6.2
Ribes lacustre,7.1
Ribes lacustre,10.1
Ribes lacustre,5.4
Ribes lacustre,3.2
Ribes lacustre,6.1
Ribes lacustre,3.3
Ribes lacustre,3.1
Ribes lacustre,2.2
Ribes laxiflorum,6.2
Ribes laxiflorum,7.1
Ribes laxiflorum,6.1
Ribes laxiflorum,10.1
Ribes laxiflorum,5.4
Ribes laxiflorum,2.2
Ribes lobbii,7.1
Ribes lobbii,6.2
Ribes oxyacanthoides,3.3
Ribes oxyacanthoides,6.2
Ribes oxyacanthoides,3.2
Ribes oxyacanthoides,10.1
Ribes oxyacanthoides,6.1
Ribes oxyacanthoides,5.4
Ribes oxyacanthoides,7.1
Ribes sanguineum,6.2
Ribes sanguineum,7.1
Ribes sanguineum,10.1
Ribes triste,6.1
Ribes triste,5.4
Ribes triste,3.3
Ribes triste,3.2
Ribes triste,2.3
Ribes triste,2.2
Ribes triste,7.1
Ribes triste,6.2
Ribes triste,3.1
Rosa acicularis,3.3
Rosa acicularis,6.1
Rosa acicularis,6.2
Rosa acicularis,7.1
Rosa acicularis,10.1
Rosa acicularis,5.4
Rosa acicularis,3.2
Rosa acicularis,2.3
Rosa acicularis,3.1
Rosa acicularis,2.2
Rosa gymnocarpa,6.2
Rosa gymnocarpa,7.1
Rosa gymnocarpa,10.1
Rosa nutkana,7.1
Rosa nutkana,6.2
Rosa nutkana,10.1
Rosa nutkana,6.1
Rosa nutkana,5.4
Rosa nutkana,3.3
Rosa pisocarpa,7.1
Rosa pisocarpa,6.2
Rosa pisocarpa,10.1
Rosa woodsii,3.3
Rosa woodsii,6.2
Rosa woodsii,10.1
Rosa woodsii,6.1
Rosa woodsii,7.1
Rosa woodsii,5.4
Rosa woodsii,3.2
Rosa woodsii,3.1
Rubus arcticus,6.1
Rubus arcticus,3.3
Rubus arcticus,6.2
Rubus arcticus,7.1
Rubus arcticus,5.4
Rubus arcticus,3.2
Rubus arcticus,10.1
Rubus arcticus,3.1
Rubus arcticus,2.2
Rubus arcticus,2.3
Rubus chamaemorus,2.2
Rubus chamaemorus,2.3
Rubus chamaemorus,6.1
Rubus chamaemorus,7.1
Rubus chamaemorus,3.1
Rubus chamaemorus,3.2
Rubus chamaemorus,3.3
Rubus chamaemorus,5.4
Rubus chamaemorus,6.2
Rubus chamaemorus,10.1
Rubus leucodermis,10.1
Rubus leucodermis,6.2
Rubus leucodermis,7.1
Rubus parviflorus,7.1
Rubus parviflorus,6.2
Rubus parviflorus,10.1
Rubus parviflorus,5.4
Rubus parviflorus,6.1
Rubus pedatus,6.1
Rubus pedatus,6.2
Rubus pedatus,7.1
Rubus pedatus,10.1
Rubus pedatus,3.3
Rubus pedatus,3.1
Rubus pedatus,2.2
Rubus pedatus,5.4
Rubus pubescens,6.1
Rubus pubescens,6.2
Rubus pubescens,3.3
Rubus pubescens,7.1
Rubus pubescens,5.4
Rubus pubescens,10.1
Rubus pubescens,3.2
Rubus spectabilis,7.1
Rubus spectabilis,6.2
Rubus spectabilis,6.1
Rubus spectabilis,2.2
Rubus spectabilis,10.1
Rubus spectabilis,3.3
Rubus ursinus,6.2
Rubus ursinus,7.1
Rubus ursinus,10.1
Rumex aquaticus,6.2
Rumex aquaticus,7.1
Rumex aquaticus,10.1
Rumex aquaticus,5.4
Rumex aquaticus,3.3
Sagittaria cuneata,10.1
Sagittaria cuneata,7.1
Sagittaria cuneata,6.2
Sagittaria cuneata,3.1
Sagittaria cuneata,6.1
Sagittaria cuneata,5.4
Sagittaria cuneata,3.2
Sagittaria cuneata,3.3
Sagittaria cuneata,2.3
Sagittaria latifolia,7.1
Sagittaria latifolia,6.2
Sagittaria latifolia,10.1
Sagittaria latifolia,5.4
Sagittaria latifolia,3.3
Salix bebbiana,6.2
Salix bebbiana,3.1
Salix bebbiana,7.1
Salix bebbiana,6.1
Salix bebbiana,10.1
Salix bebbiana,3.3
Salix bebbiana,5.4
Salix bebbiana,3.2
Salix bebbiana,2.2
Salix bebbiana,2.3
Salix discolor,6.2
Salix discolor,10.1
Salix discolor,3.3
Salix discolor,5.4
Salix discolor,6.1
Salix exigua,6.2
Salix exigua,10.1
Salix exigua,3.3
Salix exigua,7.1
Salix exigua,5.4
Salix exigua,6.1
Salix hookeriana,7.1
Salix hookeriana,6.2
Salix hookeriana,10.1
Salix lucida,6.2
Salix lucida,10.1
Salix lucida,5.4
Salix lucida,7.1
Salix lucida,3.3
Salix lucida,6.1
Salix lucida,3.1
Salix lucida,3.2
Salix scouleriana,6.2
Salix scouleriana,7.1
Salix scouleriana,3.3
Salix scouleriana,6.1
Salix scouleriana,3.1
Salix scouleriana,10.1
Salix scouleriana,3.2
Salix scouleriana,5.4
Salix sitchensis,7.1
Salix sitchensis,6.2
Salix sitchensis,10.1
Salix sitchensis,6.1
Salix sitchensis,3.1
Salix sitchensis,5.4
Sambucus racemosa,7.1
Sambucus racemosa,6.2
Sambucus racemosa,10.1
Sambucus racemosa,6.1
Sambucus racemosa,5.4
Schoenoplectus acutus,10.1
Schoenoplectus acutus,7.1
Schoenoplectus acutus,6.2
Schoenoplectus acutus,3.3
Schoenoplectus acutus,6.1
Schoenoplectus acutus,5.4
Schoenoplectus americanus,10.1
Schoenoplectus americanus,7.1
Schoenoplectus americanus,6.2
Scirpus microcarpus,6.2
Scirpus microcarpus,7.1
Scirpus microcarpus,3.3
Scirpus microcarpus,10.1
Scirpus microcarpus,5.4
Scirpus microcarpus,3.1
Scirpus microcarpus,6.1
Sedum divergens,6.2
Sedum divergens,10.1
Sedum divergens,7.1
Sedum divergens,6.1
Shepherdia canadensis,2.3
Shepherdia canadensis,6.2
Shepherdia canadensis,10.1
Shepherdia canadensis,5.4
Shepherdia canadensis,3.3
Shepherdia canadensis,3.2
Shepherdia canadensis,7.1
Shepherdia canadensis,6.1
Shepherdia canadensis,3.1
Shepherdia canadensis,2.2
Sium suave,10.1
Sium suave,5.4
Sium suave,6.2
Sium suave,3.3
Sium suave,7.1
Sium suave,3.1
Sium suave,6.1
Solidago canadensis,6.2
Solidago canadensis,10.1
Solidago canadensis,7.1
Solidago canadensis,5.4
Solidago canadensis,6.1
Solidago canadensis,3.3
Solidago canadensis,3.2
Solidago canadensis,3.1
Solidago canadensis,2.2
Sorbus scopulina,6.2
Sorbus scopulina,5.4
Sorbus scopulina,10.1
Sorbus scopulina,6.1
Sorbus scopulina,3.2
Sorbus scopulina,3.3
Sorbus scopulina,7.1
Sorbus scopulina,3.1
Sorbus scopulina,2.2
Sorbus sitchensis,6.2
Sorbus sitchensis,5.4
Sorbus sitchensis,10.1
Sorbus sitchensis,7.1
Sorbus sitchensis,6.1
Spiraea betulifolia,6.2
Spiraea betulifolia,10.1
Spiraea betulifolia,7.1
Spiraea betulifolia,5.4
Spiraea betulifolia,3.2
Spiraea douglasii,6.2
Spiraea douglasii,7.1
Spiraea douglasii,10.1
Spiraea douglasii,3.1
Streptopus amplexifolius,10.1
Streptopus amplexifolius,6.2
Streptopus amplexifolius,7.1
Streptopus amplexifolius,3.1
Streptopus amplexifolius,6.1
Streptopus amplexifolius,2.2
Streptopus amplexifolius,3.2
Streptopus amplexifolius,3.3
Streptopus amplexifolius,5.4
Symphoricarpos albus,7.1
Symphoricarpos albus,10.1
Symphoricarpos albus,6.2
Symphoricarpos albus,5.4
Symphoricarpos albus,6.1
Symphoricarpos albus,3.3
Symphoricarpos albus,3.1
Taxus brevifolia,7.1
Taxus brevifolia,6.2
Taxus brevifolia,10.1
Thalictrum occidentale,6.2
Thalictrum occidentale,6.1
Thalictrum occidentale,10.1
Thalictrum occidentale,7.1
Thalictrum occidentale,3.3
Thalictrum occidentale,5.4
Thuja plicata,6.2
Thuja plicata,7.1
Thuja plicata,10.1
Toxicodendron rydbergii,6.2
Toxicodendron rydbergii,10.1
Toxicodendron rydbergii,6.1
Toxicodendron rydbergii,7.1
Toxicodendron rydbergii,5.4
Trifolium wormskioldii,10.1
Trifolium wormskioldii,7.1
Trifolium wormskioldii,6.2
Triglochin maritima,10.1
Triglochin maritima,7.1
Triglochin maritima,5.4
Triglochin maritima,6.2
Triglochin maritima,6.1
Triglochin maritima,3.3
Triglochin maritima,3.2
Triglochin maritima,3.1
Triglochin maritima,2.3
Triglochin maritima,2.2
Trillium ovatum,7.1
Trillium ovatum,6.2
Trillium ovatum,10.1
Trillium petiolatum,6.2
Trillium petiolatum,10.1
Triteleia grandiflora,6.2
Triteleia grandiflora,7.1
Triteleia grandiflora,10.1
Tsuga heterophylla,6.2
Tsuga heterophylla,7.1
Tsuga heterophylla,10.1
Tsuga heterophylla,5.4
Tsuga heterophylla,6.1
Tsuga mertensiana,6.2
Tsuga mertensiana,7.1
Tsuga mertensiana,10.1
Tsuga mertensiana,6.1
Typha latifolia,7.1
Typha latifolia,3.3
Typha latifolia,10.1
Typha latifolia,6.2
Typha latifolia,5.4
Typha latifolia,6.1
Typha latifolia,3.2
Typha latifolia,3.1
Vaccinium caespitosum,6.2
Vaccinium caespitosum,6.1
Vaccinium caespitosum,3.3
Vaccinium caespitosum,3.2
Vaccinium caespitosum,5.4
Vaccinium caespitosum,7.1
Vaccinium caespitosum,10.1
Vaccinium membranaceum,6.1
Vaccinium membranaceum,6.2
Vaccinium membranaceum,7.1
Vaccinium membranaceum,10.1
Vaccinium membranaceum,5.4
Vaccinium membranaceum,3.3
Vaccinium myrtilloides,6.2
Vaccinium myrtilloides,5.4
Vaccinium myrtilloides,3.3
Vaccinium myrtilloides,6.1
Vaccinium myrtilloides,7.1
Vaccinium myrtilloides,10.1
Vaccinium myrtillus,6.2
Vaccinium myrtillus,10.1
Vaccinium myrtillus,7.1
Vaccinium myrtillus,5.4
Vaccinium ovalifolium,6.2
Vaccinium ovalifolium,7.1
Vaccinium ovalifolium,3.2
Vaccinium ovalifolium,6.1
Vaccinium ovalifolium,10.1
Vaccinium ovalifolium,2.2
Vaccinium ovatum,7.1
Vaccinium ovatum,6.2
Vaccinium oxycoccos,7.1
Vaccinium oxycoccos,10.1
Vaccinium oxycoccos,6.2
Vaccinium oxycoccos,6.1
Vaccinium oxycoccos,3.3
Vaccinium oxycoccos,5.4
Vaccinium oxycoccos,3.2
Vaccinium oxycoccos,2.2
Vaccinium oxycoccos,2.3
Vaccinium oxycoccos,3.1
Vaccinium parvifolium,6.2
Vaccinium parvifolium,7.1
Vaccinium parvifolium,10.1
Vaccinium parvifolium,3.3
Vaccinium scoparium,6.2
Vaccinium scoparium,10.1
Vaccinium scoparium,7.1
Vaccinium scoparium,6.1
Vaccinium scoparium,5.4
Vaccinium uliginosum,7.1
Vaccinium uliginosum,6.2
Vaccinium uliginosum,3.3
Vaccinium uliginosum,3.2
Vaccinium uliginosum,2.2
Vaccinium uliginosum,6.1
Vaccinium uliginosum,10.1
Vaccinium uliginosum,5.4
Vaccinium uliginosum,2.3
Vaccinium uliginosum,3.1
Vaccinium vitis-idaea,2.2
Vaccinium vitis-idaea,3.3
Vaccinium vitis-idaea,3.2
Vaccinium vitis-idaea,5.4
Vaccinium vitis-idaea,2.3
Vaccinium vitis-idaea,3.1
Vaccinium vitis-idaea,6.1
Vaccinium vitis-idaea,7.1
Vaccinium vitis-idaea,6.2
Vaccinium vitis-idaea,10.1
Valeriana edulis,6.2
Valeriana edulis,10.1
Valeriana edulis,7.1
Valeriana sitchensis,6.2
Valeriana sitchensis,6.1
Valeriana sitchensis,7.1
Valeriana sitchensis,3.2
Valeriana sitchensis,3.1
Valeriana sitchensis,10.1
Valeriana sitchensis,3.3
Veratrum viride,6.2
Veratrum viride,5.4
Veratrum viride,7.1
Veratrum viride,6.1
Veratrum viride,10.1
Veratrum viride,2.2
Veratrum viride,3.1
Veratrum viride,3.2
Veratrum viride,3.3
Viburnum edule,6.2
Viburnum edule,3.1
Viburnum edule,6.1
Viburnum edule,3.3
Viburnum edule,3.2
Viburnum edule,7.1
Viburnum edule,5.4
Viburnum edule,10.1
Viburnum edule,2.2
Viburnum edule,2.3
Viburnum opulus,6.2
Viburnum opulus,7.1
Viburnum opulus,10.1
Viburnum opulus,5.4
Vicia nigricans,7.1
Vicia nigricans,6.2
Viola adunca,6.2
Viola adunca,7.1
Viola adunca,5.4
Viola adunca,6.1
Viola adunca,10.1
Viola adunca,3.2
Viola adunca,3.3
Xerophyllum tenax,6.2
Xerophyllum tenax,7.1
Xerophyllum tenax,10.1
Zigadenus elegans,6.2
Zigadenus elegans,5.4
Zigadenus elegans,7.1
Zigadenus elegans,10.1
Zigadenus elegans,6.1
Zigadenus elegans,2.3
Zigadenus elegans,3.1
Zigadenus elegans,2.2
Zigadenus elegans,3.2
Zigadenus elegans,3.3
Zigadenus venenosus,6.2
Zigadenus venenosus,7.1
Zigadenus venenosus,10.1
Zigadenus venenosus,5.4
Zostera marina,7.1
Zostera marina,10.1
Zostera marina,6.2
Zostera marina,2.2
Zostera marina,6.1
