Kind,SortScore,MatchType,EditDistance,ScientificName,MatchedName,MatchedCanonical,TaxonId,CurrentName,TaxonomicStatus,DataSourceId,DataSourceTitle,ClassificationPath,Error
BestMatch,9.41065,Exact,0,Abies amabilis,Abies amabilis Douglas ex J.Forbes,Abies amabilis,2685524,Abies amabilis Douglas ex J.Forbes,Accepted,11,GBIF Backbone Taxonomy,Plantae|Tracheophyta|Pinopsida|Pinales|Pinaceae|Abies|Abies amabilis,
BestMatch,9.41065,Exact,0,Abies grandis,Abies grandis (Douglas ex D.Don) Lindl.,Abies grandis,2685361,Abies grandis (Douglas ex D.Don) Lindl.,Accepted,11,GBIF Backbone Taxonomy,Plantae|Tracheophyta|Pinopsida|Pinales|Pinaceae|Abies|Abies grandis,
BestMatch,9.41074,Exact,0,Abies lasiocarpa,Abies lasiocarpa (Hook.) Nutt.,Abies lasiocarpa,2685313,Abies lasiocarpa (Hook.) Nutt.,Accepted,11,GBIF Backbone Taxonomy,Plantae|Tracheophyta|Pinopsida|Pinales|Pinaceae|Abies|Abies lasiocarpa,
BestMatch,9.41039,Exact,0,Chamaecyparis nootkatensis,Chamaecyparis nootkatensis (D.Don) Spach,Chamaecyparis nootkatensis,2683900,Xanthocyparis nootkatensis (D.Don) Farjon & Harder,Synonym,11,GBIF Backbone Taxonomy,Plantae|Tracheophyta|Pinopsida|Pinales|Cupressaceae|Xanthocyparis|Xanthocyparis nootkatensis,
BestMatch,9.41074,Exact,0,Juniperus communis,Juniperus communis L.,Juniperus communis,2684709,Juniperus communis L.,Accepted,11,GBIF Backbone Taxonomy,Plantae|Tracheophyta|Pinopsida|Pinales|Cupressaceae|Juniperus|Juniperus communis,
BestMatch,9.41074,Exact,0,Juniperus scopulorum,Juniperus scopulorum Sarg.,Juniperus scopulorum,2684773,Juniperus scopulorum Sarg.,Accepted,11,GBIF Backbone Taxonomy,Plantae|Tracheophyta|Pinopsida|Pinales|Cupressaceae|Juniperus|Juniperus scopulorum,
BestMatch,9.41039,Exact,0,Juniperus maritima,Juniperus maritima R.P.Adams,Juniperus maritima,2684807,Juniperus scopulorum Sarg.,Synonym,11,GBIF Backbone Taxonomy,Plantae|Tracheophyta|Pinopsida|Pinales|Cupressaceae|Juniperus|Juniperus scopulorum,
BestMatch,9.41074,Exact,0,Larix laricina,Larix laricina (Du Roi) K.Koch,Larix laricina,2686231,Larix laricina (Du Roi) K.Koch,Accepted,11,GBIF Backbone Taxonomy,Plantae|Tracheophyta|Pinopsida|Pinales|Pinaceae|Larix|Larix laricina,
BestMatch,9.41074,Exact,0,Larix occidentalis,Larix occidentalis Nutt.,Larix occidentalis,2686270,Larix occidentalis Nutt.,Accepted,11,GBIF Backbone Taxonomy,Plantae|Tracheophyta|Pinopsida|Pinales|Pinaceae|Larix|Larix occidentalis,
BestMatch,9.41065,Exact,0,Picea engelmannii,Picea engelmannii Parry ex Engelm.,Picea engelmannii,5284917,Picea engelmannii Parry ex Engelm.,Accepted,11,GBIF Backbone Taxonomy,Plantae|Tracheophyta|Pinopsida|Pinales|Pinaceae|Picea|Picea engelmannii,
BestMatch,9.41074,Exact,0,Picea glauca,Picea glauca (Moench) Voss,Picea glauca,5284745,Picea glauca (Moench) Voss,Accepted,11,GBIF Backbone Taxonomy,Plantae|Tracheophyta|Pinopsida|Pinales|Pinaceae|Picea|Picea glauca,
BestMatch,9.41074,Exact,0,Picea mariana,Picea mariana (Mill.) Britton et al.,Picea mariana,5284802,Picea mariana (Mill.) Britton et al.,Accepted,11,GBIF Backbone Taxonomy,Plantae|Tracheophyta|Pinopsida|Pinales|Pinaceae|Picea|Picea mariana,
BestMatch,9.41074,Exact,0,Picea sitchensis,Picea sitchensis (Bong.) Carrière,Picea sitchensis,5284827,Picea sitchensis (Bong.) Carrière,Accepted,11,GBIF Backbone Taxonomy,Plantae|Tracheophyta|Pinopsida|Pinales|Pinaceae|Picea|Picea sitchensis,
BestMatch,9.41074,Exact,0,Pinus albicaulis,Pinus albicaulis Engelm.,Pinus albicaulis,5285183,Pinus albicaulis Engelm.,Accepted,11,GBIF Backbone Taxonomy,Plantae|Tracheophyta|Pinopsida|Pinales|Pinaceae|Pinus|Pinus albicaulis,
BestMatch,9.41074,Exact,0,Pinus contorta,"Pinus contorta Bol., 1866",Pinus contorta,8405446,"Pinus contorta Bol., 1866",Accepted,11,GBIF Backbone Taxonomy,Plantae|Tracheophyta|Pinopsida|Pinales|Pinaceae|Pinus|Pinus contorta,
BestMatch,9.41065,Exact,0,Pinus monticola,Pinus monticola Douglas ex D.Don,Pinus monticola,5285621,Pinus monticola Douglas ex D.Don,Accepted,11,GBIF Backbone Taxonomy,Plantae|Tracheophyta|Pinopsida|Pinales|Pinaceae|Pinus|Pinus monticola,
BestMatch,9.41065,Exact,0,Pinus ponderosa,"Pinus ponderosa Douglas ex Loudon, 1838",Pinus ponderosa,11058681,"Pinus ponderosa Douglas ex Loudon, 1838",Accepted,11,GBIF Backbone Taxonomy,Plantae|Tracheophyta|Pinopsida|Pinales|Pinaceae|Pinus|Pinus ponderosa,
BestMatch,9.41074,Exact,0,Pseudotsuga menziesii,Pseudotsuga menziesii (Mirb.) Franco,Pseudotsuga menziesii,2685796,Pseudotsuga menziesii (Mirb.) Franco,Accepted,11,GBIF Backbone Taxonomy,Plantae|Tracheophyta|Pinopsida|Pinales|Pinaceae|Pseudotsuga|Pseudotsuga menziesii,
BestMatch,9.41074,Exact,0,Taxus brevifolia,Taxus brevifolia Nutt.,Taxus brevifolia,5284555,Taxus brevifolia Nutt.,Accepted,11,GBIF Backbone Taxonomy,Plantae|Tracheophyta|Pinopsida|Pinales|Taxaceae|Taxus|Taxus brevifolia,
BestMatch,9.41074,Exact,0,Thuja plicata,Thuja plicata Lamb.,Thuja plicata,7754086,Thuja plicata Lamb.,Accepted,11,GBIF Backbone Taxonomy,Plantae|Tracheophyta|Pinopsida|Pinales|Cupressaceae|Thuja|Thuja plicata,
BestMatch,9.41074,Exact,0,Tsuga heterophylla,Tsuga heterophylla (Raf.) Sarg.,Tsuga heterophylla,2687210,Tsuga heterophylla (Raf.) Sarg.,Accepted,11,GBIF Backbone Taxonomy,Plantae|Tracheophyta|Pinopsida|Pinales|Pinaceae|Tsuga|Tsuga heterophylla,
BestMatch,9.41074,Exact,0,Tsuga mertensiana,Tsuga mertensiana (Bong.) Carrière,Tsuga mertensiana,2687201,Tsuga mertensiana (Bong.) Carrière,Accepted,11,GBIF Backbone Taxonomy,Plantae|Tracheophyta|Pinopsida|Pinales|Pinaceae|Tsuga|Tsuga mertensiana,
BestMatch,9.41074,Exact,0,Equisetum arvense,Equisetum arvense L.,Equisetum arvense,7924597,Equisetum arvense L.,Accepted,11,GBIF Backbone Taxonomy,Plantae|Tracheophyta|Polypodiopsida|Equisetales|Equisetaceae|Equisetum|Equisetum arvense,
BestMatch,9.41074,Exact,0,Equisetum telmateia,Equisetum telmateia Ehrh.,Equisetum telmateia,2687943,Equisetum telmateia Ehrh.,Accepted,11,GBIF Backbone Taxonomy,Plantae|Tracheophyta|Polypodiopsida|Equisetales|Equisetaceae|Equisetum|Equisetum telmateia,
BestMatch,9.56187,Exact,0,Equisetum hyemale ssp. affine,Equisetum hyemale subsp. affine (Engelm.) Calder & Roy L.Taylor,Equisetum hyemale subsp. affine,6387033,Equisetum praealtum Raf.,Synonym,11,GBIF Backbone Taxonomy,Plantae|Tracheophyta|Polypodiopsida|Equisetales|Equisetaceae|Equisetum|Equisetum praealtum,
BestMatch,9.41074,Exact,0,Lycopodium clavatum,Lycopodium clavatum L.,Lycopodium clavatum,2688393,Lycopodium clavatum L.,Accepted,11,GBIF Backbone Taxonomy,Plantae|Tracheophyta|Lycopodiopsida|Lycopodiales|Lycopodiaceae|Lycopodium|Lycopodium clavatum,
BestMatch,9.41074,Exact,0,Adiantum aleuticum,Adiantum aleuticum (Rupr.) C.A.Paris,Adiantum aleuticum,2651843,Adiantum aleuticum (Rupr.) C.A.Paris,Accepted,11,GBIF Backbone Taxonomy,Plantae|Tracheophyta|Polypodiopsida|Polypodiales|Pteridaceae|Adiantum|Adiantum aleuticum,
BestMatch,9.56187,Exact,0,Athyrium filix-femina ssp. cyclosorum,Athyrium filix-femina subsp. cyclosorum (Rupr.) C.Chr.,Athyrium filix-femina subsp. cyclosorum,7610830,Athyrium cyclosorum (Rupr.) Maxon,Synonym,11,GBIF Backbone Taxonomy,Plantae|Tracheophyta|Polypodiopsida|Polypodiales|Athyriaceae|Athyrium|Athyrium cyclosorum,
BestMatch,9.41039,Exact,0,Blechnum spicant,Blechnum spicant (L.) With.,Blechnum spicant,7364265,Struthiopteris spicant (L.) Weiss,Synonym,11,GBIF Backbone Taxonomy,Plantae|Tracheophyta|Polypodiopsida|Polypodiales|Blechnaceae|Struthiopteris|Struthiopteris spicant,
BestMatch,9.41074,Exact,0,Dryopteris expansa,Dryopteris expansa (C.Presl) Fraser-Jenk. & Jermy,Dryopteris expansa,5275102,Dryopteris expansa (C.Presl) Fraser-Jenk. & Jermy,Accepted,11,GBIF Backbone Taxonomy,Plantae|Tracheophyta|Polypodiopsida|Polypodiales|Dryopteridaceae|Dryopteris|Dryopteris expansa,
BestMatch,9.41074,Exact,0,Gymnocarpium dryopteris,Gymnocarpium dryopteris (L.) Newman,Gymnocarpium dryopteris,2650832,Gymnocarpium dryopteris (L.) Newman,Accepted,11,GBIF Backbone Taxonomy,Plantae|Tracheophyta|Polypodiopsida|Polypodiales|Cystopteridaceae|Gymnocarpium|Gymnocarpium dryopteris,
BestMatch,9.41074,Exact,0,Polypodium glycyrrhiza,Polypodium glycyrrhiza D.C.Eaton,Polypodium glycyrrhiza,5274957,Polypodium glycyrrhiza D.C.Eaton,Accepted,11,GBIF Backbone Taxonomy,Plantae|Tracheophyta|Polypodiopsida|Polypodiales|Polypodiaceae|Polypodium|Polypodium glycyrrhiza,
BestMatch,9.41074,Exact,0,Polystichum munitum,Polystichum munitum (Kaulf.) C.Presl,Polystichum munitum,2651122,Polystichum munitum (Kaulf.) C.Presl,Accepted,11,GBIF Backbone Taxonomy,Plantae|Tracheophyta|Polypodiopsida|Polypodiales|Dryopteridaceae|Polystichum|Polystichum munitum,
BestMatch,9.41074,Exact,0,Pteridium aquilinum,Pteridium aquilinum (L.) Kuhn,Pteridium aquilinum,5275012,Pteridium aquilinum (L.) Kuhn,Accepted,11,GBIF Backbone Taxonomy,Plantae|Tracheophyta|Polypodiopsida|Polypodiales|Dennstaedtiaceae|Pteridium|Pteridium aquilinum,
BestMatch,9.41074,Exact,0,Acer circinatum,Acer circinatum Pursh,Acer circinatum,3189884,Acer circinatum Pursh,Accepted,11,GBIF Backbone Taxonomy,Plantae|Tracheophyta|Magnoliopsida|Sapindales|Sapindaceae|Acer|Acer circinatum,
BestMatch,9.41074,Exact,0,Acer glabrum,Acer glabrum Torr.,Acer glabrum,3189864,Acer glabrum Torr.,Accepted,11,GBIF Backbone Taxonomy,Plantae|Tracheophyta|Magnoliopsida|Sapindales|Sapindaceae|Acer|Acer glabrum,
BestMatch,9.41074,Exact,0,Acer macrophyllum,Acer macrophyllum Pursh,Acer macrophyllum,3189835,Acer macrophyllum Pursh,Accepted,11,GBIF Backbone Taxonomy,Plantae|Tracheophyta|Magnoliopsida|Sapindales|Sapindaceae|Acer|Acer macrophyllum,
BestMatch,9.41074,Exact,0,Achillea millefolium,Achillea millefolium L.,Achillea millefolium,3120060,Achillea millefolium L.,Accepted,11,GBIF Backbone Taxonomy,Plantae|Tracheophyta|Magnoliopsida|Asterales|Asteraceae|Achillea|Achillea millefolium,
BestMatch,9.41074,Exact,0,Achlys triphylla,Achlys triphylla (Sm.) DC.,Achlys triphylla,5371714,Achlys triphylla (Sm.) DC.,Accepted,11,GBIF Backbone Taxonomy,Plantae|Tracheophyta|Magnoliopsida|Ranunculales|Berberidaceae|Achlys|Achlys triphylla,
BestMatch,9.41074,Exact,0,Actaea rubra,Actaea rubra (Aiton) Willd.,Actaea rubra,5371704,Actaea rubra (Aiton) Willd.,Accepted,11,GBIF Backbone Taxonomy,Plantae|Tracheophyta|Magnoliopsida|Ranunculales|Ranunculaceae|Actaea|Actaea rubra,
BestMatch,9.41074,Exact,0,Agoseris glauca,"Agoseris glauca Greene, 1891",Agoseris glauca,8214306,"Agoseris glauca Greene, 1891",Accepted,11,GBIF Backbone Taxonomy,Plantae|Tracheophyta|Magnoliopsida|Asterales|Asteraceae|Agoseris|Agoseris glauca,
BestMatch,9.41074,Exact,0,Allium cernuum,Allium cernuum Roth,Allium cernuum,2856745,Allium cernuum Roth,Accepted,11,GBIF Backbone Taxonomy,Plantae|Tracheophyta|Liliopsida|Asparagales|Amaryllidaceae|Allium|Allium cernuum,
BestMatch,9.56187,Exact,0,Allium schoenoprasum var. sibiricum,Allium schoenoprasum var. sibiricum (L.) Garcke,Allium schoenoprasum var. sibiricum,7730458,Allium schoenoprasum L.,Synonym,11,GBIF Backbone Taxonomy,Plantae|Tracheophyta|Liliopsida|Asparagales|Amaryllidaceae|Allium|Allium schoenoprasum,
BestMatch,9.41074,Exact,0,Allium geyeri,Allium geyeri S.Watson,Allium geyeri,2857196,Allium geyeri S.Watson,Accepted,11,GBIF Backbone Taxonomy,Plantae|Tracheophyta|Liliopsida|Asparagales|Amaryllidaceae|Allium|Allium geyeri,
BestMatch,9.56212,Exact,0,Alnus incana ssp. tenuifolia,Alnus incana subsp. tenuifolia (Nutt.) Breitung,Alnus incana subsp. tenuifolia,2876460,Alnus incana subsp. tenuifolia (Nutt.) Breitung,Accepted,11,GBIF Backbone Taxonomy,Plantae|Tracheophyta|Magnoliopsida|Fagales|Betulaceae|Alnus|Alnus incana|Alnus incana tenuifolia,
BestMatch,9.56187,Exact,0,Alnus viridis ssp. crispa,Alnus viridis subsp. crispa (Aiton) Turrill,Alnus viridis subsp. crispa,2876281,Alnus alnobetula subsp. crispa (Aiton) Raus,Synonym,11,GBIF Backbone Taxonomy,Plantae|Tracheophyta|Magnoliopsida|Fagales|Betulaceae|Alnus|Alnus alnobetula|Alnus alnobetula crispa,
BestMatch,9.56187,Exact,0,Alnus viridis ssp. sinuata,Alnus viridis subsp. sinuata (Regel) Á.Löve & D.Löve,Alnus viridis subsp. sinuata,7418275,Alnus alnobetula subsp. sinuata (Regel) Raus,Synonym,11,GBIF Backbone Taxonomy,Plantae|Tracheophyta|Magnoliopsida|Fagales|Betulaceae|Alnus|Alnus alnobetula|Alnus alnobetula sinuata,
BestMatch,9.41074,Exact,0,Alnus rubra,Alnus rubra Bong.,Alnus rubra,2876176,Alnus rubra Bong.,Accepted,11,GBIF Backbone Taxonomy,Plantae|Tracheophyta|Magnoliopsida|Fagales|Betulaceae|Alnus|Alnus rubra,
BestMatch,9.41074,Exact,0,Amelanchier alnifolia,Amelanchier alnifolia Farw.,Amelanchier alnifolia,7555559,Amelanchier alnifolia Farw.,Accepted,11,GBIF Backbone Taxonomy,Plantae|Tracheophyta|Magnoliopsida|Rosales|Rosaceae|Amelanchier|Amelanchier alnifolia,
BestMatch,9.41074,Exact,0,Anaphalis margaritacea,Anaphalis margaritacea (L.) Benth.,Anaphalis margaritacea,4926336,Anaphalis margaritacea (L.) Benth.,Accepted,11,GBIF Backbone Taxonomy,Plantae|Tracheophyta|Magnoliopsida|Asterales|Asteraceae|Anaphalis|Anaphalis margaritacea,
BestMatch,9.41074,Exact,0,Anemone multifida,Anemone multifida Poir.,Anemone multifida,3033252,Anemone multifida Poir.,Accepted,11,GBIF Backbone Taxonomy,Plantae|Tracheophyta|Magnoliopsida|Ranunculales|Ranunculaceae|Anemone|Anemone multifida,
BestMatch,9.41074,Exact,0,Angelica genuflexa,Angelica genuflexa Nutt.,Angelica genuflexa,7747617,Angelica genuflexa Nutt.,Accepted,11,GBIF Backbone Taxonomy,Plantae|Tracheophyta|Magnoliopsida|Apiales|Apiaceae|Angelica|Angelica genuflexa,
BestMatch,9.41074,Exact,0,Angelica lucida,Angelica lucida L.,Angelica lucida,5371791,Angelica lucida L.,Accepted,11,GBIF Backbone Taxonomy,Plantae|Tracheophyta|Magnoliopsida|Apiales|Apiaceae|Angelica|Angelica lucida,
BestMatch,9.41074,Exact,0,Antennaria neglecta,Antennaria neglecta Greene,Antennaria neglecta,5385488,Antennaria neglecta Greene,Accepted,11,GBIF Backbone Taxonomy,Plantae|Tracheophyta|Magnoliopsida|Asterales|Asteraceae|Antennaria|Antennaria neglecta,
BestMatch,9.41074,Exact,0,Apocynum cannabinum,Apocynum cannabinum L.,Apocynum cannabinum,3169790,Apocynum cannabinum L.,Accepted,11,GBIF Backbone Taxonomy,Plantae|Tracheophyta|Magnoliopsida|Gentianales|Apocynaceae|Apocynum|Apocynum cannabinum,
BestMatch,9.41074,Exact,0,Apocynum androsaemifolium,Apocynum androsaemifolium L.,Apocynum androsaemifolium,3169816,Apocynum androsaemifolium L.,Accepted,11,GBIF Backbone Taxonomy,Plantae|Tracheophyta|Magnoliopsida|Gentianales|Apocynaceae|Apocynum|Apocynum androsaemifolium,
BestMatch,9.41074,Exact,0,Aquilegia formosa,Aquilegia formosa Fisch.,Aquilegia formosa,8067481,Aquilegia formosa Fisch.,Accepted,11,GBIF Backbone Taxonomy,Plantae|Tracheophyta|Magnoliopsida|Ranunculales|Ranunculaceae|Aquilegia|Aquilegia formosa,
BestMatch,9.41074,Exact,0,Aralia nudicaulis,Aralia nudicaulis L.,Aralia nudicaulis,3037021,Aralia nudicaulis L.,Accepted,11,GBIF Backbone Taxonomy,Plantae|Tracheophyta|Magnoliopsida|Apiales|Araliaceae|Aralia|Aralia nudicaulis,
BestMatch,9.41074,Exact,0,Arbutus menziesii,Arbutus menziesii Pursh,Arbutus menziesii,2882802,Arbutus menziesii Pursh,Accepted,11,GBIF Backbone Taxonomy,Plantae|Tracheophyta|Magnoliopsida|Ericales|Ericaceae|Arbutus|Arbutus menziesii,
BestMatch,9.41074,Exact,0,Arctostaphylos uva-ursi,Arctostaphylos uva-ursi (L.) Spreng.,Arctostaphylos uva-ursi,2882580,Arctostaphylos uva-ursi (L.) Spreng.,Accepted,11,GBIF Backbone Taxonomy,Plantae|Tracheophyta|Magnoliopsida|Ericales|Ericaceae|Arctostaphylos|Arctostaphylos uva-ursi,
BestMatch,9.36253,Fuzzy,2,Arctous ruber,Arctous rubra (Rehder & E.H.Wilson) Nakai,Arctous rubra,2882597,Arctostaphylos rubra (Rehder & E.H.Wilson) Fernald,Synonym,11,GBIF Backbone Taxonomy,Plantae|Tracheophyta|Magnoliopsida|Ericales|Ericaceae|Arctostaphylos|Arctostaphylos rubra,
BestMatch,9.41030,Exact,0,Argentina egedii,Argentina egedii (Wormsk. ex Oeder) Rydb.,Argentina egedii,8514568,Argentina anserina subsp. egedii (Wormsk.) Á.Löve & Ritchie,Synonym,11,GBIF Backbone Taxonomy,Plantae|Tracheophyta|Magnoliopsida|Rosales|Rosaceae|Argentina|Argentina anserina|Argentina anserina egedii,
BestMatch,9.41074,Exact,0,Argentina anserina,Argentina anserina (L.) Rydb.,Argentina anserina,5367246,Argentina anserina (L.) Rydb.,Accepted,11,GBIF Backbone Taxonomy,Plantae|Tracheophyta|Magnoliopsida|Rosales|Rosaceae|Argentina|Argentina anserina,
BestMatch,9.41074,Exact,0,Arnica cordifolia,Arnica cordifolia Hook.,Arnica cordifolia,5405914,Arnica cordifolia Hook.,Accepted,11,GBIF Backbone Taxonomy,Plantae|Tracheophyta|Magnoliopsida|Asterales|Asteraceae|Arnica|Arnica cordifolia,
BestMatch,9.41074,Exact,0,Artemisia dracunculus,Artemisia dracunculus L.,Artemisia dracunculus,3121581,Artemisia dracunculus L.,Accepted,11,GBIF Backbone Taxonomy,Plantae|Tracheophyta|Magnoliopsida|Asterales|Asteraceae|Artemisia|Artemisia dracunculus,
BestMatch,9.41074,Exact,0,Artemisia frigida,Artemisia frigida Willd.,Artemisia frigida,3121436,Artemisia frigida Willd.,Accepted,11,GBIF Backbone Taxonomy,Plantae|Tracheophyta|Magnoliopsida|Asterales|Asteraceae|Artemisia|Artemisia frigida,
BestMatch,9.41074,Exact,0,Artemisia ludoviciana,Artemisia ludoviciana Nutt.,Artemisia ludoviciana,3120950,Artemisia ludoviciana Nutt.,Accepted,11,GBIF Backbone Taxonomy,Plantae|Tracheophyta|Magnoliopsida|Asterales|Asteraceae|Artemisia|Artemisia ludoviciana,
BestMatch,9.41074,Exact,0,Artemisia tilesii,Artemisia tilesii Ledeb.,Artemisia tilesii,3121080,Artemisia tilesii Ledeb.,Accepted,11,GBIF Backbone Taxonomy,Plantae|Tracheophyta|Magnoliopsida|Asterales|Asteraceae|Artemisia|Artemisia tilesii,
BestMatch,9.41074,Exact,0,Artemisia tridentata,Artemisia tridentata Nutt.,Artemisia tridentata,3121335,Artemisia tridentata Nutt.,Accepted,11,GBIF Backbone Taxonomy,Plantae|Tracheophyta|Magnoliopsida|Asterales|Asteraceae|Artemisia|Artemisia tridentata,
BestMatch,9.41074,Exact,0,Aruncus dioicus,Aruncus dioicus (Walter) Fernald,Aruncus dioicus,5362136,Aruncus dioicus (Walter) Fernald,Accepted,11,GBIF Backbone Taxonomy,Plantae|Tracheophyta|Magnoliopsida|Rosales|Rosaceae|Aruncus|Aruncus dioicus,
BestMatch,9.41074,Exact,0,Asarum caudatum,Asarum caudatum Lindl.,Asarum caudatum,2873956,Asarum caudatum Lindl.,Accepted,11,GBIF Backbone Taxonomy,Plantae|Tracheophyta|Magnoliopsida|Piperales|Aristolochiaceae|Asarum|Asarum caudatum,
BestMatch,9.41074,Exact,0,Asclepias speciosa,Asclepias speciosa Torr.,Asclepias speciosa,3170260,Asclepias speciosa Torr.,Accepted,11,GBIF Backbone Taxonomy,Plantae|Tracheophyta|Magnoliopsida|Gentianales|Apocynaceae|Asclepias|Asclepias speciosa,
BestMatch,9.41039,Exact,0,Balsamorhiza sagittata,Balsamorhiza sagittata (Pursh) Nutt.,Balsamorhiza sagittata,3137220,Wyethia sagittata (Pursh) Mabb.,Synonym,11,GBIF Backbone Taxonomy,Plantae|Tracheophyta|Magnoliopsida|Asterales|Asteraceae|Wyethia|Wyethia sagittata,
BestMatch,9.41074,Exact,0,Betula nana,Betula nana L.,Betula nana,5332004,Betula nana L.,Accepted,11,GBIF Backbone Taxonomy,Plantae|Tracheophyta|Magnoliopsida|Fagales|Betulaceae|Betula|Betula nana,
BestMatch,9.56187,Exact,0,Betula pumila var. glandulifera,Betula pumila var. glandulifera Regel,Betula pumila var. glandulifera,5331838,Betula pumila L.,Synonym,11,GBIF Backbone Taxonomy,Plantae|Tracheophyta|Magnoliopsida|Fagales|Betulaceae|Betula|Betula pumila,
BestMatch,9.41074,Exact,0,Betula occidentalis,Betula occidentalis Hook.,Betula occidentalis,5332055,Betula occidentalis Hook.,Accepted,11,GBIF Backbone Taxonomy,Plantae|Tracheophyta|Magnoliopsida|Fagales|Betulaceae|Betula|Betula occidentalis,
BestMatch,9.41074,Exact,0,Betula papyrifera,Betula papyrifera Marshall,Betula papyrifera,5332120,Betula papyrifera Marshall,Accepted,11,GBIF Backbone Taxonomy,Plantae|Tracheophyta|Magnoliopsida|Fagales|Betulaceae|Betula|Betula papyrifera,
BestMatch,9.41039,Exact,0,Boschniakia hookeri,Boschniakia hookeri Walp.,Boschniakia hookeri,3173324,Kopsiopsis hookeri (Walp.) Govaerts,Synonym,11,GBIF Backbone Taxonomy,Plantae|Tracheophyta|Magnoliopsida|Lamiales|Orobanchaceae|Kopsiopsis|Kopsiopsis hookeri,
BestMatch,9.41074,Exact,0,Boschniakia rossica,Boschniakia rossica (Cham. & Schlecht) B.Fedtsch.,Boschniakia rossica,3173325,Boschniakia rossica (Cham. & Schlecht) B.Fedtsch.,Accepted,11,GBIF Backbone Taxonomy,Plantae|Tracheophyta|Magnoliopsida|Lamiales|Orobanchaceae|Boschniakia|Boschniakia rossica,
BestMatch,9.41074,Exact,0,Bromus carinatus,Bromus carinatus Hook. & Arn.,Bromus carinatus,2703712,Bromus carinatus Hook. & Arn.,Accepted,11,GBIF Backbone Taxonomy,Plantae|Tracheophyta|Liliopsida|Poales|Poaceae|Bromus|Bromus carinatus,
BestMatch,9.41074,Exact,0,Calamagrostis rubescens,Calamagrostis rubescens Buckley,Calamagrostis rubescens,2704893,Calamagrostis rubescens Buckley,Accepted,11,GBIF Backbone Taxonomy,Plantae|Tracheophyta|Liliopsida|Poales|Poaceae|Calamagrostis|Calamagrostis rubescens,
BestMatch,9.41074,Exact,0,Calochortus macrocarpus,Calochortus macrocarpus Douglas,Calochortus macrocarpus,2750714,Calochortus macrocarpus Douglas,Accepted,11,GBIF Backbone Taxonomy,Plantae|Tracheophyta|Liliopsida|Liliales|Liliaceae|Calochortus|Calochortus macrocarpus,
BestMatch,9.41074,Exact,0,Calypso bulbosa,Calypso bulbosa (L.) Oakes,Calypso bulbosa,5323572,Calypso bulbosa (L.) Oakes,Accepted,11,GBIF Backbone Taxonomy,Plantae|Tracheophyta|Liliopsida|Asparagales|Orchidaceae|Calypso|Calypso bulbosa,
BestMatch,9.41074,Exact,0,Camassia quamash,Camassia quamash (Pursh) Greene,Camassia quamash,2769084,Camassia quamash (Pursh) Greene,Accepted,11,GBIF Backbone Taxonomy,Plantae|Tracheophyta|Liliopsida|Asparagales|Asparagaceae|Camassia|Camassia quamash,
BestMatch,9.41074,Exact,0,Camassia leichtlinii,Camassia leichtlinii (Baker) S.Watson,Camassia leichtlinii,2769069,Camassia leichtlinii (Baker) S.Watson,Accepted,11,GBIF Backbone Taxonomy,Plantae|Tracheophyta|Liliopsida|Asparagales|Asparagaceae|Camassia|Camassia leichtlinii,
BestMatch,9.41074,Exact,0,Campanula rotundifolia,Campanula rotundifolia L.,Campanula rotundifolia,5410907,Campanula rotundifolia L.,Accepted,11,GBIF Backbone Taxonomy,Plantae|Tracheophyta|Magnoliopsida|Asterales|Campanulaceae|Campanula|Campanula rotundifolia,
BestMatch,9.41074,Exact,0,Carex obnupta,Carex obnupta L.H.Bailey,Carex obnupta,2722793,Carex obnupta L.H.Bailey,Accepted,11,GBIF Backbone Taxonomy,Plantae|Tracheophyta|Liliopsida|Poales|Cyperaceae|Carex|Carex obnupta,
BestMatch,9.41074,Exact,0,Carex rostrata,Carex rostrata Stokes,Carex rostrata,2726725,Carex rostrata Stokes,Accepted,11,GBIF Backbone Taxonomy,Plantae|Tracheophyta|Liliopsida|Poales|Cyperaceae|Carex|Carex rostrata,
BestMatch,9.41074,Exact,0,Castilleja miniata,Castilleja miniata Douglas,Castilleja miniata,8672564,Castilleja miniata Douglas,Accepted,11,GBIF Backbone Taxonomy,Plantae|Tracheophyta|Magnoliopsida|Lamiales|Orobanchaceae|Castilleja|Castilleja miniata,
BestMatch,9.41074,Exact,0,Castilleja hispida,Castilleja hispida Benth.,Castilleja hispida,3170620,Castilleja hispida Benth.,Accepted,11,GBIF Backbone Taxonomy,Plantae|Tracheophyta|Magnoliopsida|Lamiales|Orobanchaceae|Castilleja|Castilleja hispida,
BestMatch,9.41074,Exact,0,Ceanothus sanguineus,Ceanothus sanguineus Pursh,Ceanothus sanguineus,3039303,Ceanothus sanguineus Pursh,Accepted,11,GBIF Backbone Taxonomy,Plantae|Tracheophyta|Magnoliopsida|Rosales|Rhamnaceae|Ceanothus|Ceanothus sanguineus,
BestMatch,9.41074,Exact,0,Ceanothus velutinus,Ceanothus velutinus Douglas,Ceanothus velutinus,7723763,Ceanothus velutinus Douglas,Accepted,11,GBIF Backbone Taxonomy,Plantae|Tracheophyta|Magnoliopsida|Rosales|Rhamnaceae|Ceanothus|Ceanothus velutinus,
BestMatch,9.41074,Exact,0,Chenopodium capitatum,"Chenopodium capitatum (Linnaeus, 1753) Ach.",Chenopodium capitatum,11379590,"Chenopodium capitatum (Linnaeus, 1753) Ach.",Accepted,11,GBIF Backbone Taxonomy,Plantae|Tracheophyta|Magnoliopsida|Caryophyllales|Amaranthaceae|Chenopodium|Chenopodium capitatum,
BestMatch,9.41074,Exact,0,Chimaphila umbellata,Chimaphila umbellata (L.) W.P.C.Barton,Chimaphila umbellata,2888307,Chimaphila umbellata (L.) W.P.C.Barton,Accepted,11,GBIF Backbone Taxonomy,Plantae|Tracheophyta|Magnoliopsida|Ericales|Ericaceae|Chimaphila|Chimaphila umbellata,
BestMatch,9.41074,Exact,0,Cicuta douglasii,Cicuta douglasii (DC.) J.M.Coult. & Rose,Cicuta douglasii,5371862,Cicuta douglasii (DC.) J.M.Coult. & Rose,Accepted,11,GBIF Backbone Taxonomy,Plantae|Tracheophyta|Magnoliopsida|Apiales|Apiaceae|Cicuta|Cicuta douglasii,
BestMatch,9.41074,Exact,0,Cicuta virosa,Cicuta virosa L.,Cicuta virosa,5371864,Cicuta virosa L.,Accepted,11,GBIF Backbone Taxonomy,Plantae|Tracheophyta|Magnoliopsida|Apiales|Apiaceae|Cicuta|Cicuta virosa,
BestMatch,9.41074,Exact,0,Cirsium brevistylum,Cirsium brevistylum Cronquist,Cirsium brevistylum,3113218,Cirsium brevistylum Cronquist,Accepted,11,GBIF Backbone Taxonomy,Plantae|Tracheophyta|Magnoliopsida|Asterales|Asteraceae|Cirsium|Cirsium brevistylum,
BestMatch,9.41074,Exact,0,Cirsium edule,Cirsium edule Nutt.,Cirsium edule,3112749,Cirsium edule Nutt.,Accepted,11,GBIF Backbone Taxonomy,Plantae|Tracheophyta|Magnoliopsida|Asterales|Asteraceae|Cirsium|Cirsium edule,
BestMatch,9.41074,Exact,0,Cirsium hookerianum,Cirsium hookerianum Nutt.,Cirsium hookerianum,3113626,Cirsium hookerianum Nutt.,Accepted,11,GBIF Backbone Taxonomy,Plantae|Tracheophyta|Magnoliopsida|Asterales|Asteraceae|Cirsium|Cirsium hookerianum,
BestMatch,9.41074,Exact,0,Cirsium undulatum,Cirsium undulatum (Nutt.) Spreng.,Cirsium undulatum,3113051,Cirsium undulatum (Nutt.) Spreng.,Accepted,11,GBIF Backbone Taxonomy,Plantae|Tracheophyta|Magnoliopsida|Asterales|Asteraceae|Cirsium|Cirsium undulatum,
BestMatch,9.41074,Exact,0,Cirsium arvense,Cirsium arvense (L.) Scop.,Cirsium arvense,3113414,Cirsium arvense (L.) Scop.,Accepted,11,GBIF Backbone Taxonomy,Plantae|Tracheophyta|Magnoliopsida|Asterales|Asteraceae|Cirsium|Cirsium arvense,
BestMatch,9.41074,Exact,0,Cirsium vulgare,Cirsium vulgare (Savi) Ten.,Cirsium vulgare,3112801,Cirsium vulgare (Savi) Ten.,Accepted,11,GBIF Backbone Taxonomy,Plantae|Tracheophyta|Magnoliopsida|Asterales|Asteraceae|Cirsium|Cirsium vulgare,
BestMatch,9.41074,Exact,0,Claytonia lanceolata,Claytonia lanceolata Pursh,Claytonia lanceolata,3084746,Claytonia lanceolata Pursh,Accepted,11,GBIF Backbone Taxonomy,Plantae|Tracheophyta|Magnoliopsida|Caryophyllales|Montiaceae|Claytonia|Claytonia lanceolata,
BestMatch,9.41074,Exact,0,Claytonia sibirica,Claytonia sibirica L.,Claytonia sibirica,3084742,Claytonia sibirica L.,Accepted,11,GBIF Backbone Taxonomy,Plantae|Tracheophyta|Magnoliopsida|Caryophyllales|Montiaceae|Claytonia|Claytonia sibirica,
BestMatch,9.41074,Exact,0,Clematis columbiana,Clematis columbiana (Nutt.) Torr. & A.Gray,Clematis columbiana,3033551,Clematis columbiana (Nutt.) Torr. & A.Gray,Accepted,11,GBIF Backbone Taxonomy,Plantae|Tracheophyta|Magnoliopsida|Ranunculales|Ranunculaceae|Clematis|Clematis columbiana,
BestMatch,9.41074,Exact,0,Clematis occidentalis,Clematis occidentalis (Hornem.) DC.,Clematis occidentalis,3033520,Clematis occidentalis (Hornem.) DC.,Accepted,11,GBIF Backbone Taxonomy,Plantae|Tracheophyta|Magnoliopsida|Ranunculales|Ranunculaceae|Clematis|Clematis occidentalis,
BestMatch,9.41074,Exact,0,Clematis ligusticifolia,Clematis ligusticifolia Nutt.,Clematis ligusticifolia,3033536,Clematis ligusticifolia Nutt.,Accepted,11,GBIF Backbone Taxonomy,Plantae|Tracheophyta|Magnoliopsida|Ranunculales|Ranunculaceae|Clematis|Clematis ligusticifolia,
BestMatch,9.41065,Exact,0,Clintonia uniflora,Clintonia uniflora (Menzies ex Schult. & Schult.f.) Kunth,Clintonia uniflora,2753596,Clintonia uniflora (Menzies ex Schult. & Schult.f.) Kunth,Accepted,11,GBIF Backbone Taxonomy,Plantae|Tracheophyta|Liliopsida|Liliales|Liliaceae|Clintonia|Clintonia uniflora,
BestMatch,9.41074,Exact,0,Comandra umbellata,Comandra umbellata (L.) Nutt.,Comandra umbellata,2889777,Comandra umbellata (L.) Nutt.,Accepted,11,GBIF Backbone Taxonomy,Plantae|Tracheophyta|Magnoliopsida|Santalales|Comandraceae|Comandra|Comandra umbellata,
BestMatch,9.41074,Exact,0,Comarum palustre,Comarum palustre L.,Comarum palustre,3020532,Comarum palustre L.,Accepted,11,GBIF Backbone Taxonomy,Plantae|Tracheophyta|Magnoliopsida|Rosales|Rosaceae|Comarum|Comarum palustre,
BestMatch,9.41039,Exact,0,Conioselinum gmelinii,Conioselinum gmelinii J.M.Coult. & Rose,Conioselinum gmelinii,7805048,Kreidion gmelinii (J.M.Coult. & Rose),Synonym,11,GBIF Backbone Taxonomy,Plantae|Tracheophyta|Magnoliopsida|Apiales|Apiaceae|Kreidion|Kreidion gmelinii,
BestMatch,9.41074,Exact,0,Cornus canadensis,Cornus canadensis L.,Cornus canadensis,3082270,Cornus canadensis L.,Accepted,11,GBIF Backbone Taxonomy,Plantae|Tracheophyta|Magnoliopsida|Cornales|Cornaceae|Cornus|Cornus canadensis,
BestMatch,9.41074,Exact,0,Cornus unalaschkensis,Cornus unalaschkensis Ledeb.,Cornus unalaschkensis,3082254,Cornus unalaschkensis Ledeb.,Accepted,11,GBIF Backbone Taxonomy,Plantae|Tracheophyta|Magnoliopsida|Cornales|Cornaceae|Cornus|Cornus unalaschkensis,
BestMatch,9.41074,Exact,0,Cornus suecica,Cornus suecica L.,Cornus suecica,3082246,Cornus suecica L.,Accepted,11,GBIF Backbone Taxonomy,Plantae|Tracheophyta|Magnoliopsida|Cornales|Cornaceae|Cornus|Cornus suecica,
BestMatch,9.41065,Exact,0,Cornus nuttallii,Cornus nuttallii Audubon ex Torr. & A.Gray,Cornus nuttallii,8288790,Cornus nuttallii Audubon ex Torr. & A.Gray,Accepted,11,GBIF Backbone Taxonomy,Plantae|Tracheophyta|Magnoliopsida|Cornales|Cornaceae|Cornus|Cornus nuttallii,
BestMatch,9.41074,Exact,0,Cornus sericea,Cornus sericea L.,Cornus sericea,3082244,Cornus sericea L.,Accepted,11,GBIF Backbone Taxonomy,Plantae|Tracheophyta|Magnoliopsida|Cornales|Cornaceae|Cornus|Cornus sericea,
BestMatch,9.41074,Exact,0,Corylus cornuta,Corylus cornuta Marshall,Corylus cornuta,2876032,Corylus cornuta Marshall,Accepted,11,GBIF Backbone Taxonomy,Plantae|Tracheophyta|Magnoliopsida|Fagales|Betulaceae|Corylus|Corylus cornuta,
BestMatch,9.41074,Exact,0,Crataegus douglasii,Crataegus douglasii Lindl.,Crataegus douglasii,3013580,Crataegus douglasii Lindl.,Accepted,11,GBIF Backbone Taxonomy,Plantae|Tracheophyta|Magnoliopsida|Rosales|Rosaceae|Crataegus|Crataegus douglasii,
BestMatch,9.41074,Exact,0,Dasiphora fruticosa,Dasiphora fruticosa (L.) Rydb.,Dasiphora fruticosa,5370380,Dasiphora fruticosa (L.) Rydb.,Accepted,11,GBIF Backbone Taxonomy,Plantae|Tracheophyta|Magnoliopsida|Rosales|Rosaceae|Dasiphora|Dasiphora fruticosa,
BestMatch,9.41074,Exact,0,Delphinium nuttallianum,Delphinium nuttallianum Pritzel,Delphinium nuttallianum,8120164,Delphinium nuttallianum Pritzel,Accepted,11,GBIF Backbone Taxonomy,Plantae|Tracheophyta|Magnoliopsida|Ranunculales|Ranunculaceae|Delphinium|Delphinium nuttallianum,
BestMatch,9.41074,Exact,0,Dicentra formosa,Dicentra formosa (Andrews) Walp.,Dicentra formosa,2888553,Dicentra formosa (Andrews) Walp.,Accepted,11,GBIF Backbone Taxonomy,Plantae|Tracheophyta|Magnoliopsida|Ranunculales|Papaveraceae|Dicentra|Dicentra formosa,
BestMatch,9.41074,Exact,0,Dodecatheon hendersonii,Dodecatheon hendersonii A.Gray,Dodecatheon hendersonii,3169266,Dodecatheon hendersonii A.Gray,Accepted,11,GBIF Backbone Taxonomy,Plantae|Tracheophyta|Magnoliopsida|Ericales|Primulaceae|Dodecatheon|Dodecatheon hendersonii,
BestMatch,9.41039,Exact,0,Dodecatheon pauciflorum,Dodecatheon pauciflorum (Durand) Greene,Dodecatheon pauciflorum,6389949,Dodecatheon pulchellum (Raf.) Merr.,Synonym,11,GBIF Backbone Taxonomy,Plantae|Tracheophyta|Magnoliopsida|Ericales|Primulaceae|Dodecatheon|Dodecatheon pulchellum,
BestMatch,9.41074,Exact,0,Dodecatheon pulchellum,Dodecatheon pulchellum (Raf.) Merr.,Dodecatheon pulchellum,3169253,Dodecatheon pulchellum (Raf.) Merr.,Accepted,11,GBIF Backbone Taxonomy,Plantae|Tracheophyta|Magnoliopsida|Ericales|Primulaceae|Dodecatheon|Dodecatheon pulchellum,
BestMatch,9.41039,Exact,0,Dodecatheon jeffreyi,Dodecatheon jeffreyi Moore,Dodecatheon jeffreyi,8181386,Dodecatheon jeffreyanum K.Koch,Synonym,11,GBIF Backbone Taxonomy,Plantae|Tracheophyta|Magnoliopsida|Ericales|Primulaceae|Dodecatheon|Dodecatheon jeffreyanum,
BestMatch,9.41074,Exact,0,Drosera rotundifolia,Drosera rotundifolia L.,Drosera rotundifolia,3191030,Drosera rotundifolia L.,Accepted,11,GBIF Backbone Taxonomy,Plantae|Tracheophyta|Magnoliopsida|Caryophyllales|Droseraceae|Drosera|Drosera rotundifolia,
BestMatch,9.41074,Exact,0,Drosera anglica,Drosera anglica Huds.,Drosera anglica,3190932,Drosera anglica Huds.,Accepted,11,GBIF Backbone Taxonomy,Plantae|Tracheophyta|Magnoliopsida|Caryophyllales|Droseraceae|Drosera|Drosera anglica,
BestMatch,9.41065,Exact,0,Elaeagnus commutata,Elaeagnus commutata Bernh. ex Rydb.,Elaeagnus commutata,3039274,Elaeagnus commutata Bernh. ex Rydb.,Accepted,11,GBIF Backbone Taxonomy,Plantae|Tracheophyta|Magnoliopsida|Rosales|Elaeagnaceae|Elaeagnus|Elaeagnus commutata,
BestMatch,9.41074,Exact,0,Empetrum nigrum,Empetrum nigrum L.,Empetrum nigrum,8925249,Empetrum nigrum L.,Accepted,11,GBIF Backbone Taxonomy,Plantae|Tracheophyta|Magnoliopsida|Ericales|Ericaceae|Empetrum|Empetrum nigrum,
BestMatch,9.41039,Exact,0,Epilobium angustifolium,Epilobium angustifolium Lam.,Epilobium angustifolium,3189143,Chamaenerion dodonaei (Vill.) Schur ex Fuss.,Synonym,11,GBIF Backbone Taxonomy,Plantae|Tracheophyta|Magnoliopsida|Myrtales|Onagraceae|Chamaenerion|Chamaenerion dodonaei,
BestMatch,9.41065,Exact,0,Ericameria nauseosa,Ericameria nauseosa (Pall. ex Pursh) G.L.Nesom & G.I.Baird,Ericameria nauseosa,3103017,Ericameria nauseosa (Pall. ex Pursh) G.L.Nesom & G.I.Baird,Accepted,11,GBIF Backbone Taxonomy,Plantae|Tracheophyta|Magnoliopsida|Asterales|Asteraceae|Ericameria|Ericameria nauseosa,
BestMatch,9.41074,Exact,0,Eriophorum angustifolium,Eriophorum angustifolium Honck.,Eriophorum angustifolium,2730127,Eriophorum angustifolium Honck.,Accepted,11,GBIF Backbone Taxonomy,Plantae|Tracheophyta|Liliopsida|Poales|Cyperaceae|Eriophorum|Eriophorum angustifolium,
BestMatch,9.41074,Exact,0,Eriophorum chamissonis,Eriophorum chamissonis C.A.Mey.,Eriophorum chamissonis,2730259,Eriophorum chamissonis C.A.Mey.,Accepted,11,GBIF Backbone Taxonomy,Plantae|Tracheophyta|Liliopsida|Poales|Cyperaceae|Eriophorum|Eriophorum chamissonis,
BestMatch,9.41074,Exact,0,Erythronium grandiflorum,Erythronium grandiflorum Pursh,Erythronium grandiflorum,2752872,Erythronium grandiflorum Pursh,Accepted,11,GBIF Backbone Taxonomy,Plantae|Tracheophyta|Liliopsida|Liliales|Liliaceae|Erythronium|Erythronium grandiflorum,
BestMatch,9.41074,Exact,0,Eurybia conspicua,Eurybia conspicua (Lindl.) G.L.Nesom,Eurybia conspicua,5396156,Eurybia conspicua (Lindl.) G.L.Nesom,Accepted,11,GBIF Backbone Taxonomy,Plantae|Tracheophyta|Magnoliopsida|Asterales|Asteraceae|Eurybia|Eurybia conspicua,
BestMatch,9.41074,Exact,0,Fragaria chiloensis,Fragaria chiloensis Coville,Fragaria chiloensis,7363489,Fragaria chiloensis Coville,Accepted,11,GBIF Backbone Taxonomy,Plantae|Tracheophyta|Magnoliopsida|Rosales|Rosaceae|Fragaria|Fragaria chiloensis,
BestMatch,9.41074,Exact,0,Fragaria vesca,Fragaria vesca L.,Fragaria vesca,3029817,Fragaria vesca L.,Accepted,11,GBIF Backbone Taxonomy,Plantae|Tracheophyta|Magnoliopsida|Rosales|Rosaceae|Fragaria|Fragaria vesca,
BestMatch,9.41074,Exact,0,Fragaria virginiana,Fragaria virginiana A.Gray,Fragaria virginiana,7682462,Fragaria virginiana A.Gray,Accepted,11,GBIF Backbone Taxonomy,Plantae|Tracheophyta|Magnoliopsida|Rosales|Rosaceae|Fragaria|Fragaria virginiana,
BestMatch,9.41074,Exact,0,Frangula purshiana,Frangula purshiana (DC.) J.G.Cooper,Frangula purshiana,8286637,Frangula purshiana (DC.) J.G.Cooper,Accepted,11,GBIF Backbone Taxonomy,Plantae|Tracheophyta|Magnoliopsida|Rosales|Rhamnaceae|Frangula|Frangula purshiana,
BestMatch,9.41074,Exact,0,Frasera montana,Frasera montana Mulford,Frasera montana,3170018,Frasera montana Mulford,Accepted,11,GBIF Backbone Taxonomy,Plantae|Tracheophyta|Magnoliopsida|Gentianales|Gentianaceae|Frasera|Frasera montana,
BestMatch,9.41074,Exact,0,Fritillaria affinis,Fritillaria affinis (Schult. & Schult.f.) Sealy,Fritillaria affinis,5300613,Fritillaria affinis (Schult. & Schult.f.) Sealy,Accepted,11,GBIF Backbone Taxonomy,Plantae|Tracheophyta|Liliopsida|Liliales|Liliaceae|Fritillaria|Fritillaria affinis,
BestMatch,9.41074,Exact,0,Fritillaria camschatcensis,Fritillaria camschatcensis (L.) Ker Gawl.,Fritillaria camschatcensis,5300639,Fritillaria camschatcensis (L.) Ker Gawl.,Accepted,11,GBIF Backbone Taxonomy,Plantae|Tracheophyta|Liliopsida|Liliales|Liliaceae|Fritillaria|Fritillaria camschatcensis,
BestMatch,9.41074,Exact,0,Fritillaria pudica,Fritillaria pudica (Pursh) Spreng.,Fritillaria pudica,5300582,Fritillaria pudica (Pursh) Spreng.,Accepted,11,GBIF Backbone Taxonomy,Plantae|Tracheophyta|Liliopsida|Liliales|Liliaceae|Fritillaria|Fritillaria pudica,
BestMatch,9.41074,Exact,0,Gaillardia aristata,Gaillardia aristata Pursh,Gaillardia aristata,5387859,Gaillardia aristata Pursh,Accepted,11,GBIF Backbone Taxonomy,Plantae|Tracheophyta|Magnoliopsida|Asterales|Asteraceae|Gaillardia|Gaillardia aristata,
BestMatch,9.41074,Exact,0,Galium aparine,Galium aparine L.,Galium aparine,2913548,Galium aparine L.,Accepted,11,GBIF Backbone Taxonomy,Plantae|Tracheophyta|Magnoliopsida|Gentianales|Rubiaceae|Galium|Galium aparine,
BestMatch,9.41074,Exact,0,Galium triflorum,Galium triflorum Michx.,Galium triflorum,2913463,Galium triflorum Michx.,Accepted,11,GBIF Backbone Taxonomy,Plantae|Tracheophyta|Magnoliopsida|Gentianales|Rubiaceae|Galium|Galium triflorum,
BestMatch,9.41074,Exact,0,Gaultheria shallon,Gaultheria shallon Pursh,Gaultheria shallon,2882758,Gaultheria shallon Pursh,Accepted,11,GBIF Backbone Taxonomy,Plantae|Tracheophyta|Magnoliopsida|Ericales|Ericaceae|Gaultheria|Gaultheria shallon,
BestMatch,9.41074,Exact,0,Geranium viscosissimum,Geranium viscosissimum Fisch. & C.A.Mey.,Geranium viscosissimum,2891480,Geranium viscosissimum Fisch. & C.A.Mey.,Accepted,11,GBIF Backbone Taxonomy,Plantae|Tracheophyta|Magnoliopsida|Geraniales|Geraniaceae|Geranium|Geranium viscosissimum,
BestMatch,9.41074,Exact,0,Geum macrophyllum,Geum macrophyllum Willd.,Geum macrophyllum,5369784,Geum macrophyllum Willd.,Accepted,11,GBIF Backbone Taxonomy,Plantae|Tracheophyta|Magnoliopsida|Rosales|Rosaceae|Geum|Geum macrophyllum,
BestMatch,9.41074,Exact,0,Geum triflorum,Geum triflorum Pursh,Geum triflorum,5369703,Geum triflorum Pursh,Accepted,11,GBIF Backbone Taxonomy,Plantae|Tracheophyta|Magnoliopsida|Rosales|Rosaceae|Geum|Geum triflorum,
BestMatch,9.41039,Exact,0,Glaux maritima,Glaux maritima L.,Glaux maritima,5414349,"Lysimachia maritima (L.) Galasso, Banfi & Soldano",Synonym,11,GBIF Backbone Taxonomy,Plantae|Tracheophyta|Magnoliopsida|Ericales|Primulaceae|Lysimachia|Lysimachia maritima,
BestMatch,9.41074,Exact,0,Goodyera oblongifolia,Goodyera oblongifolia Raf.,Goodyera oblongifolia,2840754,Goodyera oblongifolia Raf.,Accepted,11,GBIF Backbone Taxonomy,Plantae|Tracheophyta|Liliopsida|Asparagales|Orchidaceae|Goodyera|Goodyera oblongifolia,
BestMatch,9.41065,Exact,0,Hackelia diffusa,Hackelia diffusa (Douglas ex Lehm.) I.M.Johnst.,Hackelia diffusa,2925930,Hackelia diffusa (Douglas ex Lehm.) I.M.Johnst.,Accepted,11,GBIF Backbone Taxonomy,Plantae|Tracheophyta|Magnoliopsida|Boraginales|Boraginaceae|Hackelia|Hackelia diffusa,
BestMatch,9.41074,Exact,0,Lappula occidentalis,Lappula occidentalis (S.Watson) Greene,Lappula occidentalis,2925753,Lappula occidentalis (S.Watson) Greene,Accepted,11,GBIF Backbone Taxonomy,Plantae|Tracheophyta|Magnoliopsida|Boraginales|Boraginaceae|Lappula|Lappula occidentalis,
BestMatch,9.41074,Exact,0,Hedysarum alpinum,Hedysarum alpinum L.,Hedysarum alpinum,2949263,Hedysarum alpinum L.,Accepted,11,GBIF Backbone Taxonomy,Plantae|Tracheophyta|Magnoliopsida|Fabales|Fabaceae|Hedysarum|Hedysarum alpinum,
BestMatch,9.41074,Exact,0,Heracleum maximum,Heracleum maximum W.Bartram,Heracleum maximum,3034826,Heracleum maximum W.Bartram,Accepted,11,GBIF Backbone Taxonomy,Plantae|Tracheophyta|Magnoliopsida|Apiales|Apiaceae|Heracleum|Heracleum maximum,
BestMatch,9.41074,Exact,0,Heuchera cylindrica,Heuchera cylindrica Douglas,Heuchera cylindrica,3032670,Heuchera cylindrica Douglas,Accepted,11,GBIF Backbone Taxonomy,Plantae|Tracheophyta|Magnoliopsida|Saxifragales|Saxifragaceae|Heuchera|Heuchera cylindrica,
BestMatch,9.41074,Exact,0,Heuchera chlorantha,Heuchera chlorantha Piper,Heuchera chlorantha,3032680,Heuchera chlorantha Piper,Accepted,11,GBIF Backbone Taxonomy,Plantae|Tracheophyta|Magnoliopsida|Saxifragales|Saxifragaceae|Heuchera|Heuchera chlorantha,
BestMatch,9.41065,Exact,0,Hierochloe hirta,Hierochloë hirta Hayek,Hierochloe hirta,7895766,Hierochloë hirta Hayek,Accepted,11,GBIF Backbone Taxonomy,Plantae|Tracheophyta|Liliopsida|Poales|Poaceae|Anthoxanthum|Hierochloe hirta,
BestMatch,9.41074,Exact,0,Hordeum jubatum,Hordeum jubatum L.,Hordeum jubatum,2706052,Hordeum jubatum L.,Accepted,11,GBIF Backbone Taxonomy,Plantae|Tracheophyta|Liliopsida|Poales|Poaceae|Hordeum|Hordeum jubatum,
BestMatch,9.41074,Exact,0,Holodiscus discolor,Holodiscus discolor (Pursh) Maxim.,Holodiscus discolor,2987780,Holodiscus discolor (Pursh) Maxim.,Accepted,11,GBIF Backbone Taxonomy,Plantae|Tracheophyta|Magnoliopsida|Rosales|Rosaceae|Holodiscus|Holodiscus discolor,
BestMatch,9.41074,Exact,0,Juncus effusus,Juncus effusus L.,Juncus effusus,2701311,Juncus effusus L.,Accepted,11,GBIF Backbone Taxonomy,Plantae|Tracheophyta|Liliopsida|Poales|Juncaceae|Juncus|Juncus effusus,
BestMatch,9.41074,Exact,0,Kalmia microphylla,Kalmia microphylla (Hook.) A.Heller,Kalmia microphylla,2882998,Kalmia microphylla (Hook.) A.Heller,Accepted,11,GBIF Backbone Taxonomy,Plantae|Tracheophyta|Magnoliopsida|Ericales|Ericaceae|Kalmia|Kalmia microphylla,
BestMatch,9.41074,Exact,0,Lathyrus ochroleucus,Lathyrus ochroleucus Hook.,Lathyrus ochroleucus,5356371,Lathyrus ochroleucus Hook.,Accepted,11,GBIF Backbone Taxonomy,Plantae|Tracheophyta|Magnoliopsida|Fabales|Fabaceae|Lathyrus|Lathyrus ochroleucus,
BestMatch,9.41074,Exact,0,Lathyrus japonicus,Lathyrus japonicus Willd.,Lathyrus japonicus,5356714,Lathyrus japonicus Willd.,Accepted,11,GBIF Backbone Taxonomy,Plantae|Tracheophyta|Magnoliopsida|Fabales|Fabaceae|Lathyrus|Lathyrus japonicus,
BestMatch,9.41074,Exact,0,Lathyrus nevadensis,Lathyrus nevadensis S.Watson,Lathyrus nevadensis,5356650,Lathyrus nevadensis S.Watson,Accepted,11,GBIF Backbone Taxonomy,Plantae|Tracheophyta|Magnoliopsida|Fabales|Fabaceae|Lathyrus|Lathyrus nevadensis,
BestMatch,9.41074,Exact,0,Lewisia rediviva,Lewisia rediviva Pursh,Lewisia rediviva,5384259,Lewisia rediviva Pursh,Accepted,11,GBIF Backbone Taxonomy,Plantae|Tracheophyta|Magnoliopsida|Caryophyllales|Montiaceae|Lewisia|Lewisia rediviva,
BestMatch,9.41074,Exact,0,Leymus cinereus,Leymus cinereus (Scribn. & Merr.) Á.Löve,Leymus cinereus,8385939,Leymus cinereus (Scribn. & Merr.) Á.Löve,Accepted,11,GBIF Backbone Taxonomy,Plantae|Tracheophyta|Liliopsida|Poales|Poaceae|Leymus|Leymus cinereus,
BestMatch,9.41074,Exact,0,Leymus mollis,Leymus mollis (Trin.) Pilg.,Leymus mollis,2706373,Leymus mollis (Trin.) Pilg.,Accepted,11,GBIF Backbone Taxonomy,Plantae|Tracheophyta|Liliopsida|Poales|Poaceae|Leymus|Leymus mollis,
BestMatch,9.41074,Exact,0,Ligusticum canbyi,Ligusticum canbyi (J.M.Coult. & Rose) J.M.Coult. & Rose,Ligusticum canbyi,3034800,Ligusticum canbyi (J.M.Coult. & Rose) J.M.Coult. & Rose,Accepted,11,GBIF Backbone Taxonomy,Plantae|Tracheophyta|Magnoliopsida|Apiales|Apiaceae|Ligusticum|Ligusticum canbyi,
BestMatch,9.41074,Exact,0,Ligusticum scoticum,"Ligusticum scoticum Lour., 1790",Ligusticum scoticum,9199378,"Ligusticum scoticum Lour., 1790",Accepted,11,GBIF Backbone Taxonomy,Plantae|Tracheophyta|Magnoliopsida|Apiales|Apiaceae|Ligusticum|Ligusticum scoticum,
BestMatch,9.41074,Exact,0,Lilium columbianum,Lilium columbianum Leichtlin,Lilium columbianum,2753524,Lilium columbianum Leichtlin,Accepted,11,GBIF Backbone Taxonomy,Plantae|Tracheophyta|Liliopsida|Liliales|Liliaceae|Lilium|Lilium columbianum,
BestMatch,9.41074,Exact,0,Linnaea borealis,Linnaea borealis L.,Linnaea borealis,5334220,Linnaea borealis L.,Accepted,11,GBIF Backbone Taxonomy,Plantae|Tracheophyta|Magnoliopsida|Dipsacales|Caprifoliaceae|Linnaea|Linnaea borealis,
BestMatch,9.41065,Exact,0,Lithospermum ruderale,Lithospermum ruderale Douglas ex Lehm.,Lithospermum ruderale,2926094,Lithospermum ruderale Douglas ex Lehm.,Accepted,11,GBIF Backbone Taxonomy,Plantae|Tracheophyta|Magnoliopsida|Boraginales|Boraginaceae|Lithospermum|Lithospermum ruderale,
BestMatch,9.41074,Exact,0,Lomatium canbyi,Lomatium canbyi (J.M.Coult. & Rose) J.M.Coult. & Rose,Lomatium canbyi,3034338,Lomatium canbyi (J.M.Coult. & Rose) J.M.Coult. & Rose,Accepted,11,GBIF Backbone Taxonomy,Plantae|Tracheophyta|Magnoliopsida|Apiales|Apiaceae|Lomatium|Lomatium canbyi,
BestMatch,9.41074,Exact,0,Lomatium cous,Lomatium cous (S.Watson) J.M.Coult. & Rose,Lomatium cous,3034320,Lomatium cous (S.Watson) J.M.Coult. & Rose,Accepted,11,GBIF Backbone Taxonomy,Plantae|Tracheophyta|Magnoliopsida|Apiales|Apiaceae|Lomatium|Lomatium cous,
BestMatch,9.41065,Exact,0,Lomatium dissectum,Lomatium dissectum (Nutt. ex Torr. & A.Gray) Mathias & Constance,Lomatium dissectum,3034268,Lomatium dissectum (Nutt. ex Torr. & A.Gray) Mathias & Constance,Accepted,11,GBIF Backbone Taxonomy,Plantae|Tracheophyta|Magnoliopsida|Apiales|Apiaceae|Lomatium|Lomatium dissectum,
BestMatch,9.41074,Exact,0,Lomatium geyeri,Lomatium geyeri (S.Watson) J.M.Coult. & Rose,Lomatium geyeri,3034245,Lomatium geyeri (S.Watson) J.M.Coult. & Rose,Accepted,11,GBIF Backbone Taxonomy,Plantae|Tracheophyta|Magnoliopsida|Apiales|Apiaceae|Lomatium|Lomatium geyeri,
BestMatch,9.41074,Exact,0,Lomatium macrocarpum,Lomatium macrocarpum (Hook. & Arn.) J.M.Coult. & Rose,Lomatium macrocarpum,3034329,Lomatium macrocarpum (Hook. & Arn.) J.M.Coult. & Rose,Accepted,11,GBIF Backbone Taxonomy,Plantae|Tracheophyta|Magnoliopsida|Apiales|Apiaceae|Lomatium|Lomatium macrocarpum,
BestMatch,9.41074,Exact,0,Lomatium nudicaule,Lomatium nudicaule (Nutt.) J.M.Coult. & Rose,Lomatium nudicaule,3034279,Lomatium nudicaule (Nutt.) J.M.Coult. & Rose,Accepted,11,GBIF Backbone Taxonomy,Plantae|Tracheophyta|Magnoliopsida|Apiales|Apiaceae|Lomatium|Lomatium nudicaule,
BestMatch,9.41074,Exact,0,Lonicera ciliosa,Lonicera ciliosa (Pursh) Poir.,Lonicera ciliosa,8135635,Lonicera ciliosa (Pursh) Poir.,Accepted,11,GBIF Backbone Taxonomy,Plantae|Tracheophyta|Magnoliopsida|Dipsacales|Caprifoliaceae|Lonicera|Lonicera ciliosa,
BestMatch,9.41065,Exact,0,Lonicera involucrata,Lonicera involucrata (Richards.) Banks ex Spreng.,Lonicera involucrata,5334253,Lonicera involucrata (Richards.) Banks ex Spreng.,Accepted,11,GBIF Backbone Taxonomy,Plantae|Tracheophyta|Magnoliopsida|Dipsacales|Caprifoliaceae|Lonicera|Lonicera involucrata,
BestMatch,9.41074,Exact,0,Lupinus nootkatensis,"Lupinus nootkatensis Donn, 1804",Lupinus nootkatensis,7424736,"Lupinus nootkatensis Donn, 1804",Accepted,11,GBIF Backbone Taxonomy,Plantae|Tracheophyta|Magnoliopsida|Fabales|Fabaceae|Lupinus|Lupinus nootkatensis,
BestMatch,9.41074,Exact,0,Lupinus polyphyllus,Lupinus polyphyllus Lindl.,Lupinus polyphyllus,2964355,Lupinus polyphyllus Lindl.,Accepted,11,GBIF Backbone Taxonomy,Plantae|Tracheophyta|Magnoliopsida|Fabales|Fabaceae|Lupinus|Lupinus polyphyllus,
BestMatch,9.41074,Exact,0,Lysichiton americanus,Lysichiton americanus Hultén & H.St.John,Lysichiton americanus,2869311,Lysichiton americanus Hultén & H.St.John,Accepted,11,GBIF Backbone Taxonomy,Plantae|Tracheophyta|Liliopsida|Alismatales|Araceae|Lysichiton|Lysichiton americanus,
BestMatch,9.41074,Exact,0,Mahonia aquifolium,Mahonia aquifolium (Pursh) Nutt.,Mahonia aquifolium,3033865,Mahonia aquifolium (Pursh) Nutt.,Accepted,11,GBIF Backbone Taxonomy,Plantae|Tracheophyta|Magnoliopsida|Ranunculales|Berberidaceae|Mahonia|Mahonia aquifolium,
BestMatch,9.41074,Exact,0,Mahonia nervosa,Mahonia nervosa (Pursh) Nutt.,Mahonia nervosa,3033875,Mahonia nervosa (Pursh) Nutt.,Accepted,11,GBIF Backbone Taxonomy,Plantae|Tracheophyta|Magnoliopsida|Ranunculales|Berberidaceae|Mahonia|Mahonia nervosa,
BestMatch,9.41074,Exact,0,Maianthemum dilatatum,Maianthemum dilatatum (Alph.Wood) A.Nelson & J.F.Macbr.,Maianthemum dilatatum,2769435,Maianthemum dilatatum (Alph.Wood) A.Nelson & J.F.Macbr.,Accepted,11,GBIF Backbone Taxonomy,Plantae|Tracheophyta|Liliopsida|Asparagales|Asparagaceae|Maianthemum|Maianthemum dilatatum,
BestMatch,9.56212,Exact,0,Maianthemum racemosum ssp. amplexicaule,Maianthemum racemosum subsp. amplexicaule (Nutt.) LaFrankie,Maianthemum racemosum subsp. amplexicaule,2769473,Maianthemum racemosum subsp. amplexicaule (Nutt.) LaFrankie,Accepted,11,GBIF Backbone Taxonomy,Plantae|Tracheophyta|Liliopsida|Asparagales|Asparagaceae|Maianthemum|Maianthemum racemosum|Maianthemum racemosum amplexicaule,
BestMatch,9.41074,Exact,0,Malus fusca,Malus fusca (Raf.) C.K.Schneid.,Malus fusca,3001080,Malus fusca (Raf.) C.K.Schneid.,Accepted,11,GBIF Backbone Taxonomy,Plantae|Tracheophyta|Magnoliopsida|Rosales|Rosaceae|Malus|Malus fusca,
BestMatch,9.41074,Exact,0,Mentha arvensis,Mentha arvensis L.,Mentha arvensis,2927192,Mentha arvensis L.,Accepted,11,GBIF Backbone Taxonomy,Plantae|Tracheophyta|Magnoliopsida|Lamiales|Lamiaceae|Mentha|Mentha arvensis,
BestMatch,9.41039,Exact,0,Menziesia ferruginea,Menziesia ferruginea A.Gray,Menziesia ferruginea,7579137,Rhododendron menziesii Craven,Synonym,11,GBIF Backbone Taxonomy,Plantae|Tracheophyta|Magnoliopsida|Ericales|Ericaceae|Rhododendron|Rhododendron menziesii,
BestMatch,9.41074,Exact,0,Moneses uniflora,Moneses uniflora (L.) A.Gray,Moneses uniflora,2888298,Moneses uniflora (L.) A.Gray,Accepted,11,GBIF Backbone Taxonomy,Plantae|Tracheophyta|Magnoliopsida|Ericales|Ericaceae|Moneses|Moneses uniflora,
BestMatch,9.41074,Exact,0,Monotropa uniflora,Monotropa uniflora L.,Monotropa uniflora,2888353,Monotropa uniflora L.,Accepted,11,GBIF Backbone Taxonomy,Plantae|Tracheophyta|Magnoliopsida|Ericales|Ericaceae|Monotropa|Monotropa uniflora,
BestMatch,9.41074,Exact,0,Myrica gale,Myrica gale L.,Myrica gale,5414202,Myrica gale L.,Accepted,11,GBIF Backbone Taxonomy,Plantae|Tracheophyta|Magnoliopsida|Fagales|Myricaceae|Myrica|Myrica gale,
BestMatch,9.41074,Exact,0,Nicotiana attenuata,Nicotiana attenuata Torr.,Nicotiana attenuata,8232112,Nicotiana attenuata Torr.,Accepted,11,GBIF Backbone Taxonomy,Plantae|Tracheophyta|Magnoliopsida|Solanales|Solanaceae|Nicotiana|Nicotiana attenuata,
BestMatch,9.41074,Exact,0,Nicotiana quadrivalvis,Nicotiana quadrivalvis Pursh,Nicotiana quadrivalvis,2928770,Nicotiana quadrivalvis Pursh,Accepted,11,GBIF Backbone Taxonomy,Plantae|Tracheophyta|Magnoliopsida|Solanales|Solanaceae|Nicotiana|Nicotiana quadrivalvis,
BestMatch,9.41074,Exact,0,Nicotiana tabacum,Nicotiana tabacum L.,Nicotiana tabacum,2928774,Nicotiana tabacum L.,Accepted,11,GBIF Backbone Taxonomy,Plantae|Tracheophyta|Magnoliopsida|Solanales|Solanaceae|Nicotiana|Nicotiana tabacum,
BestMatch,9.41074,Exact,0,Nuphar lutea,Nuphar lutea (L.) Sibth. & Sm.,Nuphar lutea,7551339,Nuphar lutea (L.) Sibth. & Sm.,Accepted,11,GBIF Backbone Taxonomy,Plantae|Tracheophyta|Magnoliopsida|Nymphaeales|Nymphaeaceae|Nuphar|Nuphar lutea,
BestMatch,9.41065,Exact,0,Oemleria cerasiformis,Oemleria cerasiformis (Torr. & A.Gray ex Hook. & Arn.) J.W.Landon,Oemleria cerasiformis,2988485,Oemleria cerasiformis (Torr. & A.Gray ex Hook. & Arn.) J.W.Landon,Accepted,11,GBIF Backbone Taxonomy,Plantae|Tracheophyta|Magnoliopsida|Rosales|Rosaceae|Oemleria|Oemleria cerasiformis,
BestMatch,9.41074,Exact,0,Oenanthe sarmentosa,Oenanthe sarmentosa Bol.,Oenanthe sarmentosa,8320009,Oenanthe sarmentosa Bol.,Accepted,11,GBIF Backbone Taxonomy,Plantae|Tracheophyta|Magnoliopsida|Apiales|Apiaceae|Oenanthe|Oenanthe sarmentosa,
BestMatch,9.41074,Exact,0,Oplopanax horridus,Oplopanax horridus (Sm.) Miq.,Oplopanax horridus,3036356,Oplopanax horridus (Sm.) Miq.,Accepted,11,GBIF Backbone Taxonomy,Plantae|Tracheophyta|Magnoliopsida|Apiales|Araliaceae|Oplopanax|Oplopanax horridus,
BestMatch,9.41074,Exact,0,Opuntia fragilis,Opuntia fragilis (Nutt.) Haw.,Opuntia fragilis,5384113,Opuntia fragilis (Nutt.) Haw.,Accepted,11,GBIF Backbone Taxonomy,Plantae|Tracheophyta|Magnoliopsida|Caryophyllales|Cactaceae|Opuntia|Opuntia fragilis,
BestMatch,9.41074,Exact,0,Opuntia polyacantha,Opuntia polyacantha Haw.,Opuntia polyacantha,5384095,Opuntia polyacantha Haw.,Accepted,11,GBIF Backbone Taxonomy,Plantae|Tracheophyta|Magnoliopsida|Caryophyllales|Cactaceae|Opuntia|Opuntia polyacantha,
BestMatch,9.41074,Exact,0,Osmorhiza berteroi,Osmorhiza berteroi DC.,Osmorhiza berteroi,3034148,Osmorhiza berteroi DC.,Accepted,11,GBIF Backbone Taxonomy,Plantae|Tracheophyta|Magnoliopsida|Apiales|Apiaceae|Osmorhiza|Osmorhiza berteroi,
BestMatch,9.41065,Exact,0,Osmorhiza occidentalis,Osmorhiza occidentalis (Nutt. ex Torr. & A.Gray) Torr.,Osmorhiza occidentalis,3034142,Osmorhiza occidentalis (Nutt. ex Torr. & A.Gray) Torr.,Accepted,11,GBIF Backbone Taxonomy,Plantae|Tracheophyta|Magnoliopsida|Apiales|Apiaceae|Osmorhiza|Osmorhiza occidentalis,
BestMatch,9.41065,Exact,0,Oxalis oregana,Oxalis oregana Nutt. ex Torr. & A.Gray,Oxalis oregana,8017574,Oxalis oregana Nutt. ex Torr. & A.Gray,Accepted,11,GBIF Backbone Taxonomy,Plantae|Tracheophyta|Magnoliopsida|Oxalidales|Oxalidaceae|Oxalis|Oxalis oregana,
BestMatch,9.41074,Exact,0,Oxyria digyna,Oxyria digyna (L.) Hill,Oxyria digyna,2889358,Oxyria digyna (L.) Hill,Accepted,11,GBIF Backbone Taxonomy,Plantae|Tracheophyta|Magnoliopsida|Caryophyllales|Polygonaceae|Oxyria|Oxyria digyna,
BestMatch,9.41074,Exact,0,Paxistima myrsinites,Paxistima myrsinites (Pursh) Raf.,Paxistima myrsinites,3169107,Paxistima myrsinites (Pursh) Raf.,Accepted,11,GBIF Backbone Taxonomy,Plantae|Tracheophyta|Magnoliopsida|Celastrales|Celastraceae|Paxistima|Paxistima myrsinites,
BestMatch,9.41074,Exact,0,Penstemon fruticosus,Penstemon fruticosus Bosse,Penstemon fruticosus,12355249,Penstemon fruticosus Bosse,Accepted,11,GBIF Backbone Taxonomy,Plantae|Tracheophyta|Magnoliopsida|Lamiales|Plantaginaceae|Penstemon|Penstemon fruticosus,
BestMatch,9.41074,Exact,0,Perideridia gairdneri,Perideridia gairdneri (Hook. & Arn.) Mathias,Perideridia gairdneri,3034543,Perideridia gairdneri (Hook. & Arn.) Mathias,Accepted,11,GBIF Backbone Taxonomy,Plantae|Tracheophyta|Magnoliopsida|Apiales|Apiaceae|Perideridia|Perideridia gairdneri,
BestMatch,9.41074,Exact,0,Petasites frigidus,Petasites frigidus (L.) Fr.,Petasites frigidus,3088323,Petasites frigidus (L.) Fr.,Accepted,11,GBIF Backbone Taxonomy,Plantae|Tracheophyta|Magnoliopsida|Asterales|Asteraceae|Petasites|Petasites frigidus,
BestMatch,9.41074,Exact,0,Phalaris arundinacea,Phalaris arundinacea L.,Phalaris arundinacea,5289756,Phalaris arundinacea L.,Accepted,11,GBIF Backbone Taxonomy,Plantae|Tracheophyta|Liliopsida|Poales|Poaceae|Phalaris|Phalaris arundinacea,
BestMatch,9.41074,Exact,0,Philadelphus lewisii,Philadelphus lewisii Pursh,Philadelphus lewisii,2986027,Philadelphus lewisii Pursh,Accepted,11,GBIF Backbone Taxonomy,Plantae|Tracheophyta|Magnoliopsida|Cornales|Hydrangeaceae|Philadelphus|Philadelphus lewisii,
BestMatch,9.41074,Exact,0,Phyllospadix scouleri,Phyllospadix scouleri Hook.,Phyllospadix scouleri,2863958,Phyllospadix scouleri Hook.,Accepted,11,GBIF Backbone Taxonomy,Plantae|Tracheophyta|Liliopsida|Alismatales|Zosteraceae|Phyllospadix|Phyllospadix scouleri,
BestMatch,9.41074,Exact,0,Physocarpus capitatus,Physocarpus capitatus (Pursh) Kuntze,Physocarpus capitatus,2988390,Physocarpus capitatus (Pursh) Kuntze,Accepted,11,GBIF Backbone Taxonomy,Plantae|Tracheophyta|Magnoliopsida|Rosales|Rosaceae|Physocarpus|Physocarpus capitatus,
BestMatch,9.41074,Exact,0,Physocarpus malvaceus,Physocarpus malvaceus (Greene) Kuntze,Physocarpus malvaceus,2988332,Physocarpus malvaceus (Greene) Kuntze,Accepted,11,GBIF Backbone Taxonomy,Plantae|Tracheophyta|Magnoliopsida|Rosales|Rosaceae|Physocarpus|Physocarpus malvaceus,
BestMatch,9.41074,Exact,0,Plantago major,Plantago major L.,Plantago major,3189767,Plantago major L.,Accepted,11,GBIF Backbone Taxonomy,Plantae|Tracheophyta|Magnoliopsida|Lamiales|Plantaginaceae|Plantago|Plantago major,
BestMatch,9.41074,Exact,0,Plantago maritima,Plantago maritima L.,Plantago maritima,3189755,Plantago maritima L.,Accepted,11,GBIF Backbone Taxonomy,Plantae|Tracheophyta|Magnoliopsida|Lamiales|Plantaginaceae|Plantago|Plantago maritima,
BestMatch,9.41065,Exact,0,Platanthera dilatata,Platanthera dilatata (Pursh) Lindl. ex L.C.Beck,Platanthera dilatata,2797036,Platanthera dilatata (Pursh) Lindl. ex L.C.Beck,Accepted,11,GBIF Backbone Taxonomy,Plantae|Tracheophyta|Liliopsida|Asparagales|Orchidaceae|Platanthera|Platanthera dilatata,
BestMatch,9.41074,Exact,0,Platanthera stricta,Platanthera stricta Lindl.,Platanthera stricta,2798146,Platanthera stricta Lindl.,Accepted,11,GBIF Backbone Taxonomy,Plantae|Tracheophyta|Liliopsida|Asparagales|Orchidaceae|Platanthera|Platanthera stricta,
BestMatch,9.41074,Exact,0,Platanthera hyperborea,Platanthera hyperborea (L.) Lindl.,Platanthera hyperborea,2797898,Platanthera hyperborea (L.) Lindl.,Accepted,11,GBIF Backbone Taxonomy,Plantae|Tracheophyta|Liliopsida|Asparagales|Orchidaceae|Platanthera|Platanthera hyperborea,
BestMatch,9.56187,Exact,0,Populus balsamifera ssp. balsamifera,Populus balsamifera subsp. balsamifera,Populus balsamifera subsp. balsamifera,7096056,Populus balsamifera var. balsamifera,Synonym,11,GBIF Backbone Taxonomy,Plantae|Tracheophyta|Magnoliopsida|Malpighiales|Salicaceae|Populus|Populus balsamifera|Populus balsamifera balsamifera,
BestMatch,9.56187,Exact,0,Populus balsamifera ssp. trichocarpa,Populus balsamifera subsp. trichocarpa (Torr. & A.Gray) Hultén,Populus balsamifera subsp. trichocarpa,8181817,Populus trichocarpa Torr. & A.Gray ex Hook.,Synonym,11,GBIF Backbone Taxonomy,Plantae|Tracheophyta|Magnoliopsida|Malpighiales|Salicaceae|Populus|Populus trichocarpa,
BestMatch,9.41074,Exact,0,Populus tremuloides,Populus tremuloides Michx.,Populus tremuloides,3040215,Populus tremuloides Michx.,Accepted,11,GBIF Backbone Taxonomy,Plantae|Tracheophyta|Magnoliopsida|Malpighiales|Salicaceae|Populus|Populus tremuloides,
BestMatch,9.41074,Exact,0,Potamogeton natans,Potamogeton natans L.,Potamogeton natans,5301147,Potamogeton natans L.,Accepted,11,GBIF Backbone Taxonomy,Plantae|Tracheophyta|Liliopsida|Alismatales|Potamogetonaceae|Potamogeton|Potamogeton natans,
BestMatch,9.41074,Exact,0,Prunus emarginata,Prunus emarginata Sarg.,Prunus emarginata,7655327,Prunus emarginata Sarg.,Accepted,11,GBIF Backbone Taxonomy,Plantae|Tracheophyta|Magnoliopsida|Rosales|Rosaceae|Prunus|Prunus emarginata,
BestMatch,9.41074,Exact,0,Prunus pensylvanica,Prunus pensylvanica L.fil.,Prunus pensylvanica,8202030,Prunus pensylvanica L.fil.,Accepted,11,GBIF Backbone Taxonomy,Plantae|Tracheophyta|Magnoliopsida|Rosales|Rosaceae|Prunus|Prunus pensylvanica,
BestMatch,9.41074,Exact,0,Prunus virginiana,Prunus virginiana L.,Prunus virginiana,3022668,Prunus virginiana L.,Accepted,11,GBIF Backbone Taxonomy,Plantae|Tracheophyta|Magnoliopsida|Rosales|Rosaceae|Prunus|Prunus virginiana,
BestMatch,9.41074,Exact,0,Pseudoroegneria spicata,Pseudoroegneria spicata (Pursh) Á.Löve,Pseudoroegneria spicata,2705699,Pseudoroegneria spicata (Pursh) Á.Löve,Accepted,11,GBIF Backbone Taxonomy,Plantae|Tracheophyta|Liliopsida|Poales|Poaceae|Pseudoroegneria|Pseudoroegneria spicata,
BestMatch,9.41074,Exact,0,Pterospora andromedea,Pterospora andromedea Nutt.,Pterospora andromedea,5334184,Pterospora andromedea Nutt.,Accepted,11,GBIF Backbone Taxonomy,Plantae|Tracheophyta|Magnoliopsida|Ericales|Ericaceae|Pterospora|Pterospora andromedea,
BestMatch,9.41074,Exact,0,Purshia tridentata,Purshia tridentata (Pursh) DC.,Purshia tridentata,5370313,Purshia tridentata (Pursh) DC.,Accepted,11,GBIF Backbone Taxonomy,Plantae|Tracheophyta|Magnoliopsida|Rosales|Rosaceae|Purshia|Purshia tridentata,
BestMatch,9.41074,Exact,0,Pyrola asarifolia,Pyrola asarifolia Michx.,Pyrola asarifolia,2888271,Pyrola asarifolia Michx.,Accepted,11,GBIF Backbone Taxonomy,Plantae|Tracheophyta|Magnoliopsida|Ericales|Ericaceae|Pyrola|Pyrola asarifolia,
BestMatch,9.41065,Exact,0,Quercus garryana,Quercus garryana Douglas ex Hook.,Quercus garryana,2879260,Quercus garryana Douglas ex Hook.,Accepted,11,GBIF Backbone Taxonomy,Plantae|Tracheophyta|Magnoliopsida|Fagales|Fagaceae|Quercus|Quercus garryana,
BestMatch,9.41074,Exact,0,Ranunculus glaberrimus,Ranunculus glaberrimus Hook.,Ranunculus glaberrimus,3033299,Ranunculus glaberrimus Hook.,Accepted,11,GBIF Backbone Taxonomy,Plantae|Tracheophyta|Magnoliopsida|Ranunculales|Ranunculaceae|Ranunculus|Ranunculus glaberrimus,
BestMatch,9.41074,Exact,0,Ranunculus acris,Ranunculus acris L.,Ranunculus acris,3033363,Ranunculus acris L.,Accepted,11,GBIF Backbone Taxonomy,Plantae|Tracheophyta|Magnoliopsida|Ranunculales|Ranunculaceae|Ranunculus|Ranunculus acris,
BestMatch,9.41074,Exact,0,Ranunculus occidentalis,Ranunculus occidentalis Nutt.,Ranunculus occidentalis,3033353,Ranunculus occidentalis Nutt.,Accepted,11,GBIF Backbone Taxonomy,Plantae|Tracheophyta|Magnoliopsida|Ranunculales|Ranunculaceae|Ranunculus|Ranunculus occidentalis,
BestMatch,9.41074,Exact,0,Rhodiola rosea,Rhodiola rosea L.,Rhodiola rosea,2985688,Rhodiola rosea L.,Accepted,11,GBIF Backbone Taxonomy,Plantae|Tracheophyta|Magnoliopsida|Saxifragales|Crassulaceae|Rhodiola|Rhodiola rosea,
BestMatch,9.41074,Exact,0,Rhododendron albiflorum,Rhododendron albiflorum Hook.,Rhododendron albiflorum,2883078,Rhododendron albiflorum Hook.,Accepted,11,GBIF Backbone Taxonomy,Plantae|Tracheophyta|Magnoliopsida|Ericales|Ericaceae|Rhododendron|Rhododendron albiflorum,
BestMatch,9.41074,Exact,0,Rhododendron groenlandicum,Rhododendron groenlandicum (Oeder) Kron & Judd,Rhododendron groenlandicum,2882984,Rhododendron groenlandicum (Oeder) Kron & Judd,Accepted,11,GBIF Backbone Taxonomy,Plantae|Tracheophyta|Magnoliopsida|Ericales|Ericaceae|Rhododendron|Rhododendron groenlandicum,
BestMatch,9.41039,Exact,0,Rhododendron neoglandulosum,Rhododendron neoglandulosum Harmaja,Rhododendron neoglandulosum,4169545,Rhododendron columbianum (Piper) Harmaja,Synonym,11,GBIF Backbone Taxonomy,Plantae|Tracheophyta|Magnoliopsida|Ericales|Ericaceae|Rhododendron|Rhododendron columbianum,
BestMatch,9.41074,Exact,0,Rhus glabra,Rhus glabra L.,Rhus glabra,3190544,Rhus glabra L.,Accepted,11,GBIF Backbone Taxonomy,Plantae|Tracheophyta|Magnoliopsida|Sapindales|Anacardiaceae|Rhus|Rhus glabra,
BestMatch,9.41074,Exact,0,Ribes aureum,Ribes aureum Pursh,Ribes aureum,2986111,Ribes aureum Pursh,Accepted,11,GBIF Backbone Taxonomy,Plantae|Tracheophyta|Magnoliopsida|Saxifragales|Grossulariaceae|Ribes|Ribes aureum,
BestMatch,9.41074,Exact,0,Ribes bracteosum,Ribes bracteosum Douglas,Ribes bracteosum,8299322,Ribes bracteosum Douglas,Accepted,11,GBIF Backbone Taxonomy,Plantae|Tracheophyta|Magnoliopsida|Saxifragales|Grossulariaceae|Ribes|Ribes bracteosum,
BestMatch,9.41074,Exact,0,Ribes cereum,Ribes cereum Douglas,Ribes cereum,2986127,Ribes cereum Douglas,Accepted,11,GBIF Backbone Taxonomy,Plantae|Tracheophyta|Magnoliopsida|Saxifragales|Grossulariaceae|Ribes|Ribes cereum,
BestMatch,9.41074,Exact,0,Ribes divaricatum,Ribes divaricatum Douglas,Ribes divaricatum,2986132,Ribes divaricatum Douglas,Accepted,11,GBIF Backbone Taxonomy,Plantae|Tracheophyta|Magnoliopsida|Saxifragales|Grossulariaceae|Ribes|Ribes divaricatum,
BestMatch,9.41074,Exact,0,Ribes lobbii,Ribes lobbii A.Gray,Ribes lobbii,2986116,Ribes lobbii A.Gray,Accepted,11,GBIF Backbone Taxonomy,Plantae|Tracheophyta|Magnoliopsida|Saxifragales|Grossulariaceae|Ribes|Ribes lobbii,
BestMatch,9.41074,Exact,0,Ribes inerme,Ribes inerme Rydb.,Ribes inerme,2986112,Ribes inerme Rydb.,Accepted,11,GBIF Backbone Taxonomy,Plantae|Tracheophyta|Magnoliopsida|Saxifragales|Grossulariaceae|Ribes|Ribes inerme,
BestMatch,9.41074,Exact,0,Ribes oxyacanthoides,Ribes oxyacanthoides L.,Ribes oxyacanthoides,2986124,Ribes oxyacanthoides L.,Accepted,11,GBIF Backbone Taxonomy,Plantae|Tracheophyta|Magnoliopsida|Saxifragales|Grossulariaceae|Ribes|Ribes oxyacanthoides,
BestMatch,9.41074,Exact,0,Ribes hudsonianum,Ribes hudsonianum Richardson,Ribes hudsonianum,2986140,Ribes hudsonianum Richardson,Accepted,11,GBIF Backbone Taxonomy,Plantae|Tracheophyta|Magnoliopsida|Saxifragales|Grossulariaceae|Ribes|Ribes hudsonianum,
BestMatch,9.41074,Exact,0,Ribes lacustre,Ribes lacustre (Pers.) Poir.,Ribes lacustre,2986194,Ribes lacustre (Pers.) Poir.,Accepted,11,GBIF Backbone Taxonomy,Plantae|Tracheophyta|Magnoliopsida|Saxifragales|Grossulariaceae|Ribes|Ribes lacustre,
BestMatch,9.41074,Exact,0,Ribes laxiflorum,Ribes laxiflorum Pursh,Ribes laxiflorum,2986150,Ribes laxiflorum Pursh,Accepted,11,GBIF Backbone Taxonomy,Plantae|Tracheophyta|Magnoliopsida|Saxifragales|Grossulariaceae|Ribes|Ribes laxiflorum,
BestMatch,9.41074,Exact,0,Ribes glandulosum,Ribes glandulosum Weber,Ribes glandulosum,10979288,Ribes glandulosum Weber,Accepted,11,GBIF Backbone Taxonomy,Plantae|Tracheophyta|Magnoliopsida|Saxifragales|Grossulariaceae|Ribes|Ribes glandulosum,
BestMatch,9.41074,Exact,0,Ribes sanguineum,Ribes sanguineum Pursh,Ribes sanguineum,2986130,Ribes sanguineum Pursh,Accepted,11,GBIF Backbone Taxonomy,Plantae|Tracheophyta|Magnoliopsida|Saxifragales|Grossulariaceae|Ribes|Ribes sanguineum,
BestMatch,9.41074,Exact,0,Ribes triste,Ribes triste Pall.,Ribes triste,2986159,Ribes triste Pall.,Accepted,11,GBIF Backbone Taxonomy,Plantae|Tracheophyta|Magnoliopsida|Saxifragales|Grossulariaceae|Ribes|Ribes triste,
BestMatch,9.41074,Exact,0,Rosa acicularis,Rosa acicularis Lindl.,Rosa acicularis,3002193,Rosa acicularis Lindl.,Accepted,11,GBIF Backbone Taxonomy,Plantae|Tracheophyta|Magnoliopsida|Rosales|Rosaceae|Rosa|Rosa acicularis,
BestMatch,9.41074,Exact,0,Rosa nutkana,Rosa nutkana C.Presl,Rosa nutkana,3011070,Rosa nutkana C.Presl,Accepted,11,GBIF Backbone Taxonomy,Plantae|Tracheophyta|Magnoliopsida|Rosales|Rosaceae|Rosa|Rosa nutkana,
BestMatch,9.41074,Exact,0,Rosa pisocarpa,Rosa pisocarpa A.Gray,Rosa pisocarpa,3008580,Rosa pisocarpa A.Gray,Accepted,11,GBIF Backbone Taxonomy,Plantae|Tracheophyta|Magnoliopsida|Rosales|Rosaceae|Rosa|Rosa pisocarpa,
BestMatch,9.41074,Exact,0,Rosa woodsii,Rosa woodsii Lindl.,Rosa woodsii,3004072,Rosa woodsii Lindl.,Accepted,11,GBIF Backbone Taxonomy,Plantae|Tracheophyta|Magnoliopsida|Rosales|Rosaceae|Rosa|Rosa woodsii,
BestMatch,9.41074,Exact,0,Rosa gymnocarpa,Rosa gymnocarpa Nutt.,Rosa gymnocarpa,7994404,Rosa gymnocarpa Nutt.,Accepted,11,GBIF Backbone Taxonomy,Plantae|Tracheophyta|Magnoliopsida|Rosales|Rosaceae|Rosa|Rosa gymnocarpa,
BestMatch,9.41074,Exact,0,Rubus arcticus,Rubus arcticus L.,Rubus arcticus,2992051,Rubus arcticus L.,Accepted,11,GBIF Backbone Taxonomy,Plantae|Tracheophyta|Magnoliopsida|Rosales|Rosaceae|Rubus|Rubus arcticus,
BestMatch,9.41074,Exact,0,Rubus chamaemorus,Rubus chamaemorus L.,Rubus chamaemorus,2998290,Rubus chamaemorus L.,Accepted,11,GBIF Backbone Taxonomy,Plantae|Tracheophyta|Magnoliopsida|Rosales|Rosaceae|Rubus|Rubus chamaemorus,
BestMatch,9.41074,Exact,0,Rubus idaeus,Rubus idaeus L.,Rubus idaeus,2993094,Rubus idaeus L.,Accepted,11,GBIF Backbone Taxonomy,Plantae|Tracheophyta|Magnoliopsida|Rosales|Rosaceae|Rubus|Rubus idaeus,
BestMatch,9.41065,Exact,0,Rubus leucodermis,Rubus leucodermis Douglas ex Hook.,Rubus leucodermis,8110785,Rubus leucodermis Douglas ex Hook.,Accepted,11,GBIF Backbone Taxonomy,Plantae|Tracheophyta|Magnoliopsida|Rosales|Rosaceae|Rubus|Rubus leucodermis,
BestMatch,9.41074,Exact,0,Rubus parviflorus,Rubus parviflorus L.,Rubus parviflorus,12147739,Rubus parviflorus L.,Accepted,11,GBIF Backbone Taxonomy,Plantae|Tracheophyta|Magnoliopsida|Rosales|Rosaceae|Rubus|Rubus parviflorus,
BestMatch,9.41074,Exact,0,Rubus pedatus,Rubus pedatus Sm.,Rubus pedatus,2993074,Rubus pedatus Sm.,Accepted,11,GBIF Backbone Taxonomy,Plantae|Tracheophyta|Magnoliopsida|Rosales|Rosaceae|Rubus|Rubus pedatus,
BestMatch,9.41074,Exact,0,Rubus pubescens,Rubus pubescens Raf.,Rubus pubescens,2989228,Rubus pubescens Raf.,Accepted,11,GBIF Backbone Taxonomy,Plantae|Tracheophyta|Magnoliopsida|Rosales|Rosaceae|Rubus|Rubus pubescens,
BestMatch,9.41074,Exact,0,Rubus spectabilis,Rubus spectabilis Pursh,Rubus spectabilis,2993761,Rubus spectabilis Pursh,Accepted,11,GBIF Backbone Taxonomy,Plantae|Tracheophyta|Magnoliopsida|Rosales|Rosaceae|Rubus|Rubus spectabilis,
BestMatch,9.41074,Exact,0,Rubus ursinus,Rubus ursinus Cham. & Schltdl.,Rubus ursinus,2990646,Rubus ursinus Cham. & Schltdl.,Accepted,11,GBIF Backbone Taxonomy,Plantae|Tracheophyta|Magnoliopsida|Rosales|Rosaceae|Rubus|Rubus ursinus,
BestMatch,9.41074,Exact,0,Rumex aquaticus,Rumex aquaticus L.,Rumex aquaticus,2888992,Rumex aquaticus L.,Accepted,11,GBIF Backbone Taxonomy,Plantae|Tracheophyta|Magnoliopsida|Caryophyllales|Polygonaceae|Rumex|Rumex aquaticus,
BestMatch,9.41074,Exact,0,Sagittaria latifolia,Sagittaria latifolia Willd.,Sagittaria latifolia,5328909,Sagittaria latifolia Willd.,Accepted,11,GBIF Backbone Taxonomy,Plantae|Tracheophyta|Liliopsida|Alismatales|Alismataceae|Sagittaria|Sagittaria latifolia,
BestMatch,9.41074,Exact,0,Sagittaria cuneata,Sagittaria cuneata E.Sheld.,Sagittaria cuneata,5329097,Sagittaria cuneata E.Sheld.,Accepted,11,GBIF Backbone Taxonomy,Plantae|Tracheophyta|Liliopsida|Alismatales|Alismataceae|Sagittaria|Sagittaria cuneata,
BestMatch,9.41074,Exact,0,Salix barclayi,Salix barclayi Andersson,Salix barclayi,5372597,Salix barclayi Andersson,Accepted,11,GBIF Backbone Taxonomy,Plantae|Tracheophyta|Magnoliopsida|Malpighiales|Salicaceae|Salix|Salix barclayi,
BestMatch,9.41074,Exact,0,Salix bebbiana,Salix bebbiana Sarg.,Salix bebbiana,5373055,Salix bebbiana Sarg.,Accepted,11,GBIF Backbone Taxonomy,Plantae|Tracheophyta|Magnoliopsida|Malpighiales|Salicaceae|Salix|Salix bebbiana,
BestMatch,9.41074,Exact,0,Salix discolor,Salix discolor Muhl.,Salix discolor,5372785,Salix discolor Muhl.,Accepted,11,GBIF Backbone Taxonomy,Plantae|Tracheophyta|Magnoliopsida|Malpighiales|Salicaceae|Salix|Salix discolor,
BestMatch,9.41074,Exact,0,Salix hookeriana,Salix hookeriana Barratt,Salix hookeriana,7476447,Salix hookeriana Barratt,Accepted,11,GBIF Backbone Taxonomy,Plantae|Tracheophyta|Magnoliopsida|Malpighiales|Salicaceae|Salix|Salix hookeriana,
BestMatch,9.41074,Exact,0,Salix scouleriana,Salix scouleriana Barratt,Salix scouleriana,7587287,Salix scouleriana Barratt,Accepted,11,GBIF Backbone Taxonomy,Plantae|Tracheophyta|Magnoliopsida|Malpighiales|Salicaceae|Salix|Salix scouleriana,
BestMatch,9.41065,Exact,0,Salix sitchensis,Salix sitchensis Sanson ex Bong.,Salix sitchensis,5372832,Salix sitchensis Sanson ex Bong.,Accepted,11,GBIF Backbone Taxonomy,Plantae|Tracheophyta|Magnoliopsida|Malpighiales|Salicaceae|Salix|Salix sitchensis,
BestMatch,9.41074,Exact,0,Salix exigua,Salix exigua Nutt.,Salix exigua,5372559,Salix exigua Nutt.,Accepted,11,GBIF Backbone Taxonomy,Plantae|Tracheophyta|Magnoliopsida|Malpighiales|Salicaceae|Salix|Salix exigua,
BestMatch,9.41074,Exact,0,Salix lucida,Salix lucida Muhl.,Salix lucida,5372604,Salix lucida Muhl.,Accepted,11,GBIF Backbone Taxonomy,Plantae|Tracheophyta|Magnoliopsida|Malpighiales|Salicaceae|Salix|Salix lucida,
BestMatch,9.41074,Exact,0,Sambucus nigra,Sambucus nigra L.,Sambucus nigra,2888728,Sambucus nigra L.,Accepted,11,GBIF Backbone Taxonomy,Plantae|Tracheophyta|Magnoliopsida|Dipsacales|Viburnaceae|Sambucus|Sambucus nigra,
BestMatch,9.41074,Exact,0,Sambucus racemosa,Sambucus racemosa L.,Sambucus racemosa,2888723,Sambucus racemosa L.,Accepted,11,GBIF Backbone Taxonomy,Plantae|Tracheophyta|Magnoliopsida|Dipsacales|Viburnaceae|Sambucus|Sambucus racemosa,
BestMatch,9.41065,Exact,0,Schoenoplectus acutus,Schoenoplectus acutus (Muhl. ex Bigelow) Á.Löve & D.Löve,Schoenoplectus acutus,2710926,Schoenoplectus acutus (Muhl. ex Bigelow) Á.Löve & D.Löve,Accepted,11,GBIF Backbone Taxonomy,Plantae|Tracheophyta|Liliopsida|Poales|Cyperaceae|Schoenoplectus|Schoenoplectus acutus,
BestMatch,9.41074,Exact,0,Schoenoplectus americanus,Schoenoplectus americanus (Pers.) Volkart,Schoenoplectus americanus,2711092,Schoenoplectus americanus (Pers.) Volkart,Accepted,11,GBIF Backbone Taxonomy,Plantae|Tracheophyta|Liliopsida|Poales|Cyperaceae|Schoenoplectus|Schoenoplectus americanus,
BestMatch,9.41074,Exact,0,Scirpus microcarpus,Scirpus microcarpus J.Presl & C.Presl,Scirpus microcarpus,2717391,Scirpus microcarpus J.Presl & C.Presl,Accepted,11,GBIF Backbone Taxonomy,Plantae|Tracheophyta|Liliopsida|Poales|Cyperaceae|Scirpus|Scirpus microcarpus,
BestMatch,9.41074,Exact,0,Sedum divergens,Sedum divergens S.Watson,Sedum divergens,5362024,Sedum divergens S.Watson,Accepted,11,GBIF Backbone Taxonomy,Plantae|Tracheophyta|Magnoliopsida|Saxifragales|Crassulaceae|Sedum|Sedum divergens,
BestMatch,9.41065,Exact,0,Sedum oreganum,Sedum oreganum Nutt. ex Torr. & A.Gray,Sedum oreganum,8955469,Sedum oreganum Nutt. ex Torr. & A.Gray,Accepted,11,GBIF Backbone Taxonomy,Plantae|Tracheophyta|Magnoliopsida|Saxifragales|Crassulaceae|Sedum|Sedum oreganum,
BestMatch,9.41074,Exact,0,Shepherdia canadensis,Shepherdia canadensis (L.) Nutt.,Shepherdia canadensis,5372427,Shepherdia canadensis (L.) Nutt.,Accepted,11,GBIF Backbone Taxonomy,Plantae|Tracheophyta|Magnoliopsida|Rosales|Elaeagnaceae|Shepherdia|Shepherdia canadensis,
BestMatch,9.41074,Exact,0,Sium suave,Sium suave Walter,Sium suave,3034526,Sium suave Walter,Accepted,11,GBIF Backbone Taxonomy,Plantae|Tracheophyta|Magnoliopsida|Apiales|Apiaceae|Sium|Sium suave,
BestMatch,9.41074,Exact,0,Solidago canadensis,Solidago canadensis L.,Solidago canadensis,5389029,Solidago canadensis L.,Accepted,11,GBIF Backbone Taxonomy,Plantae|Tracheophyta|Magnoliopsida|Asterales|Asteraceae|Solidago|Solidago canadensis,
BestMatch,9.41074,Exact,0,Sorbus sitchensis,Sorbus sitchensis M.Roem.,Sorbus sitchensis,3012319,Sorbus sitchensis M.Roem.,Accepted,11,GBIF Backbone Taxonomy,Plantae|Tracheophyta|Magnoliopsida|Rosales|Rosaceae|Sorbus|Sorbus sitchensis,
BestMatch,9.41074,Exact,0,Sorbus scopulina,Sorbus scopulina Greene,Sorbus scopulina,3012298,Sorbus scopulina Greene,Accepted,11,GBIF Backbone Taxonomy,Plantae|Tracheophyta|Magnoliopsida|Rosales|Rosaceae|Sorbus|Sorbus scopulina,
BestMatch,9.41074,Exact,0,Spiraea betulifolia,Spiraea betulifolia Pall.,Spiraea betulifolia,3026550,Spiraea betulifolia Pall.,Accepted,11,GBIF Backbone Taxonomy,Plantae|Tracheophyta|Magnoliopsida|Rosales|Rosaceae|Spiraea|Spiraea betulifolia,
BestMatch,9.41074,Exact,0,Spiraea douglasii,Spiraea douglasii Hook.,Spiraea douglasii,3027159,Spiraea douglasii Hook.,Accepted,11,GBIF Backbone Taxonomy,Plantae|Tracheophyta|Magnoliopsida|Rosales|Rosaceae|Spiraea|Spiraea douglasii,
BestMatch,9.41074,Exact,0,Stachys chamissonis,Stachys chamissonis Benth.,Stachys chamissonis,2927294,Stachys chamissonis Benth.,Accepted,11,GBIF Backbone Taxonomy,Plantae|Tracheophyta|Magnoliopsida|Lamiales|Lamiaceae|Stachys|Stachys chamissonis,
BestMatch,9.41074,Exact,0,Streptopus amplexifolius,Streptopus amplexifolius (L.) DC.,Streptopus amplexifolius,2752734,Streptopus amplexifolius (L.) DC.,Accepted,11,GBIF Backbone Taxonomy,Plantae|Tracheophyta|Liliopsida|Liliales|Liliaceae|Streptopus|Streptopus amplexifolius,
BestMatch,9.41074,Exact,0,Streptopus streptopoides,Streptopus streptopoides (Ledeb.) Frye & Rigg,Streptopus streptopoides,2752755,Streptopus streptopoides (Ledeb.) Frye & Rigg,Accepted,11,GBIF Backbone Taxonomy,Plantae|Tracheophyta|Liliopsida|Liliales|Liliaceae|Streptopus|Streptopus streptopoides,
BestMatch,9.41074,Exact,0,Symphoricarpos albus,Symphoricarpos albus (L.) K.Koch,Symphoricarpos albus,8012439,Symphoricarpos albus (L.) K.Koch,Accepted,11,GBIF Backbone Taxonomy,Plantae|Tracheophyta|Magnoliopsida|Dipsacales|Caprifoliaceae|Symphoricarpos|Symphoricarpos albus,
BestMatch,9.41074,Exact,0,Thalictrum occidentale,Thalictrum occidentale A.Gray,Thalictrum occidentale,3033154,Thalictrum occidentale A.Gray,Accepted,11,GBIF Backbone Taxonomy,Plantae|Tracheophyta|Magnoliopsida|Ranunculales|Ranunculaceae|Thalictrum|Thalictrum occidentale,
BestMatch,9.41065,Exact,0,Toxicodendron rydbergii,Toxicodendron rydbergii (Small ex Rydb.) Greene,Toxicodendron rydbergii,3190615,Toxicodendron rydbergii (Small ex Rydb.) Greene,Accepted,11,GBIF Backbone Taxonomy,Plantae|Tracheophyta|Magnoliopsida|Sapindales|Anacardiaceae|Toxicodendron|Toxicodendron rydbergii,
BestMatch,9.41074,Exact,0,Trifolium wormskioldii,Trifolium wormskioldii Lehm.,Trifolium wormskioldii,5359148,Trifolium wormskioldii Lehm.,Accepted,11,GBIF Backbone Taxonomy,Plantae|Tracheophyta|Magnoliopsida|Fabales|Fabaceae|Trifolium|Trifolium wormskioldii,
BestMatch,9.41074,Exact,0,Triglochin maritima,Triglochin maritima L.,Triglochin maritima,2865368,Triglochin maritima L.,Accepted,11,GBIF Backbone Taxonomy,Plantae|Tracheophyta|Liliopsida|Alismatales|Juncaginaceae|Triglochin|Triglochin maritima,
BestMatch,9.41074,Exact,0,Trillium ovatum,Trillium ovatum Pursh,Trillium ovatum,2742413,Trillium ovatum Pursh,Accepted,11,GBIF Backbone Taxonomy,Plantae|Tracheophyta|Liliopsida|Liliales|Melanthiaceae|Trillium|Trillium ovatum,
BestMatch,9.41074,Exact,0,Trillium petiolatum,Trillium petiolatum Pursh,Trillium petiolatum,2742321,Trillium petiolatum Pursh,Accepted,11,GBIF Backbone Taxonomy,Plantae|Tracheophyta|Liliopsida|Liliales|Melanthiaceae|Trillium|Trillium petiolatum,
BestMatch,9.41074,Exact,0,Triteleia grandiflora,Triteleia grandiflora Lindl.,Triteleia grandiflora,5304137,Triteleia grandiflora Lindl.,Accepted,11,GBIF Backbone Taxonomy,Plantae|Tracheophyta|Liliopsida|Asparagales|Asparagaceae|Triteleia|Triteleia grandiflora,
BestMatch,9.41074,Exact,0,Typha latifolia,Typha latifolia L.,Typha latifolia,5289423,Typha latifolia L.,Accepted,11,GBIF Backbone Taxonomy,Plantae|Tracheophyta|Liliopsida|Poales|Typhaceae|Typha|Typha latifolia,
BestMatch,9.41074,Exact,0,Urtica dioica,Urtica dioica L.,Urtica dioica,7960979,Urtica dioica L.,Accepted,11,GBIF Backbone Taxonomy,Plantae|Tracheophyta|Magnoliopsida|Rosales|Urticaceae|Urtica|Urtica dioica,
BestMatch,9.41039,Exact,0,Vaccinium alaskaense,Vaccinium alaskaense Howell,Vaccinium alaskaense,2882858,Vaccinium ovalifolium Sm.,Synonym,11,GBIF Backbone Taxonomy,Plantae|Tracheophyta|Magnoliopsida|Ericales|Ericaceae|Vaccinium|Vaccinium ovalifolium,
BestMatch,9.41039,Exact,0,Vaccinium caespitosum,Vaccinium caespitosum Michx.,Vaccinium caespitosum,2882860,Vaccinium cespitosum Michx.,Synonym,11,GBIF Backbone Taxonomy,Plantae|Tracheophyta|Magnoliopsida|Ericales|Ericaceae|Vaccinium|Vaccinium cespitosum,
BestMatch,9.41065,Exact,0,Vaccinium membranaceum,Vaccinium membranaceum Douglas ex Torr.,Vaccinium membranaceum,2882875,Vaccinium membranaceum Douglas ex Torr.,Accepted,11,GBIF Backbone Taxonomy,Plantae|Tracheophyta|Magnoliopsida|Ericales|Ericaceae|Vaccinium|Vaccinium membranaceum,
BestMatch,9.41074,Exact,0,Vaccinium myrtilloides,Vaccinium myrtilloides Michx.,Vaccinium myrtilloides,2882880,Vaccinium myrtilloides Michx.,Accepted,11,GBIF Backbone Taxonomy,Plantae|Tracheophyta|Magnoliopsida|Ericales|Ericaceae|Vaccinium|Vaccinium myrtilloides,
BestMatch,9.41074,Exact,0,Vaccinium ovalifolium,Vaccinium ovalifolium Sm.,Vaccinium ovalifolium,2882894,Vaccinium ovalifolium Sm.,Accepted,11,GBIF Backbone Taxonomy,Plantae|Tracheophyta|Magnoliopsida|Ericales|Ericaceae|Vaccinium|Vaccinium ovalifolium,
BestMatch,9.41074,Exact,0,Vaccinium ovatum,Vaccinium ovatum Pursh,Vaccinium ovatum,2882838,Vaccinium ovatum Pursh,Accepted,11,GBIF Backbone Taxonomy,Plantae|Tracheophyta|Magnoliopsida|Ericales|Ericaceae|Vaccinium|Vaccinium ovatum,
BestMatch,9.41074,Exact,0,Vaccinium oxycoccos,Vaccinium oxycoccos L.,Vaccinium oxycoccos,2882940,Vaccinium oxycoccos L.,Accepted,11,GBIF Backbone Taxonomy,Plantae|Tracheophyta|Magnoliopsida|Ericales|Ericaceae|Vaccinium|Vaccinium oxycoccos,
BestMatch,9.41074,Exact,0,Vaccinium parvifolium,Vaccinium parvifolium Sm.,Vaccinium parvifolium,2882910,Vaccinium parvifolium Sm.,Accepted,11,GBIF Backbone Taxonomy,Plantae|Tracheophyta|Magnoliopsida|Ericales|Ericaceae|Vaccinium|Vaccinium parvifolium,
BestMatch,9.41074,Exact,0,Vaccinium scoparium,Vaccinium scoparium Leiberg,Vaccinium scoparium,8383191,Vaccinium scoparium Leiberg,Accepted,11,GBIF Backbone Taxonomy,Plantae|Tracheophyta|Magnoliopsida|Ericales|Ericaceae|Vaccinium|Vaccinium scoparium,
BestMatch,9.41074,Exact,0,Vaccinium myrtillus,Vaccinium myrtillus L.,Vaccinium myrtillus,2882833,Vaccinium myrtillus L.,Accepted,11,GBIF Backbone Taxonomy,Plantae|Tracheophyta|Magnoliopsida|Ericales|Ericaceae|Vaccinium|Vaccinium myrtillus,
BestMatch,9.41074,Exact,0,Vaccinium uliginosum,Vaccinium uliginosum L.,Vaccinium uliginosum,8073364,Vaccinium uliginosum L.,Accepted,11,GBIF Backbone Taxonomy,Plantae|Tracheophyta|Magnoliopsida|Ericales|Ericaceae|Vaccinium|Vaccinium uliginosum,
BestMatch,9.41074,Exact,0,Vaccinium vitis-idaea,Vaccinium vitis-idaea L.,Vaccinium vitis-idaea,2882835,Vaccinium vitis-idaea L.,Accepted,11,GBIF Backbone Taxonomy,Plantae|Tracheophyta|Magnoliopsida|Ericales|Ericaceae|Vaccinium|Vaccinium vitis-idaea,
BestMatch,9.41074,Exact,0,Valeriana edulis,Valeriana edulis Torr. & A.Gray,Valeriana edulis,2888746,Valeriana edulis Torr. & A.Gray,Accepted,11,GBIF Backbone Taxonomy,Plantae|Tracheophyta|Magnoliopsida|Dipsacales|Caprifoliaceae|Valeriana|Valeriana edulis,
BestMatch,9.41074,Exact,0,Valeriana sitchensis,Valeriana sitchensis Bong.,Valeriana sitchensis,2888754,Valeriana sitchensis Bong.,Accepted,11,GBIF Backbone Taxonomy,Plantae|Tracheophyta|Magnoliopsida|Dipsacales|Caprifoliaceae|Valeriana|Valeriana sitchensis,
BestMatch,9.41074,Exact,0,Veratrum viride,Veratrum viride Aiton,Veratrum viride,7575112,Veratrum viride Aiton,Accepted,11,GBIF Backbone Taxonomy,Plantae|Tracheophyta|Liliopsida|Liliales|Melanthiaceae|Veratrum|Veratrum viride,
BestMatch,9.41074,Exact,0,Viburnum edule,Viburnum edule (Michx.) Raf.,Viburnum edule,2888613,Viburnum edule (Michx.) Raf.,Accepted,11,GBIF Backbone Taxonomy,Plantae|Tracheophyta|Magnoliopsida|Dipsacales|Viburnaceae|Viburnum|Viburnum edule,
BestMatch,9.41074,Exact,0,Viburnum opulus,Viburnum opulus L.,Viburnum opulus,2888605,Viburnum opulus L.,Accepted,11,GBIF Backbone Taxonomy,Plantae|Tracheophyta|Magnoliopsida|Dipsacales|Viburnaceae|Viburnum|Viburnum opulus,
BestMatch,9.56187,Exact,0,Vicia nigricans ssp. gigantea,Vicia nigricans subsp. gigantea (Hook.) Lassetter & C.R.Gunn,Vicia nigricans subsp. gigantea,2946897,Vicia nigricans var. gigantea (Hook.) Broich,Synonym,11,GBIF Backbone Taxonomy,Plantae|Tracheophyta|Magnoliopsida|Fabales|Fabaceae|Vicia|Vicia nigricans|Vicia nigricans gigantea,
BestMatch,9.41074,Exact,0,Viola adunca,Viola adunca Sm.,Viola adunca,5331199,Viola adunca Sm.,Accepted,11,GBIF Backbone Taxonomy,Plantae|Tracheophyta|Magnoliopsida|Malpighiales|Violaceae|Viola|Viola adunca,
BestMatch,9.41074,Exact,0,Xerophyllum tenax,Xerophyllum tenax (Pursh) Nutt.,Xerophyllum tenax,5295841,Xerophyllum tenax (Pursh) Nutt.,Accepted,11,GBIF Backbone Taxonomy,Plantae|Tracheophyta|Liliopsida|Liliales|Melanthiaceae|Xerophyllum|Xerophyllum tenax,
BestMatch,9.41039,Exact,0,Zigadenus venenosus,Zigadenus venenosus S.Watson,Zigadenus venenosus,2741786,Toxicoscordion venenosum (S.Watson) Rydb.,Synonym,11,GBIF Backbone Taxonomy,Plantae|Tracheophyta|Liliopsida|Liliales|Melanthiaceae|Toxicoscordion|Toxicoscordion venenosum,
BestMatch,9.41039,Exact,0,Zigadenus elegans,Zigadenus elegans Pursh,Zigadenus elegans,2741635,Anticlea elegans (Pursh) Rydb.,Synonym,11,GBIF Backbone Taxonomy,Plantae|Tracheophyta|Liliopsida|Liliales|Melanthiaceae|Anticlea|Anticlea elegans,
BestMatch,9.41074,Exact,0,Zostera marina,Zostera marina L.,Zostera marina,2863967,Zostera marina L.,Accepted,11,GBIF Backbone Taxonomy,Plantae|Tracheophyta|Liliopsida|Alismatales|Zosteraceae|Zostera|Zostera marina,
BestMatch,9.41065,Exact,0,Hierochloe odorata,"Hierochloë odorata (L.) Britton, Sterns & Poggenb., 1888",Hierochloe odorata,7686454,"Hierochloë odorata (L.) Britton, Sterns & Poggenb., 1888",Accepted,11,GBIF Backbone Taxonomy,Plantae|Tracheophyta|Liliopsida|Poales|Poaceae|Anthoxanthum|Hierochloe odorata,
BestMatch,9.41074,Exact,0,Rhododendron columbianum,Rhododendron columbianum (Piper) Harmaja,Rhododendron columbianum,4165978,Rhododendron columbianum (Piper) Harmaja,Accepted,11,GBIF Backbone Taxonomy,Plantae|Tracheophyta|Magnoliopsida|Ericales|Ericaceae|Rhododendron|Rhododendron columbianum,