Species,Ssp,Var,author,Ssp_author,Synonym (scientific name),Common (Western) name,Family,Covered in TRY?,Covered in Native American Ethnobotany database? ,Covered in Pierce et al. 2017? ,Covered in knb?,IUCN Status,Endemic? (Y/N),,,,TRY data available
Gymnosperms,,,,,,,,,,,,,,,,,
Abies amabilis,,,(Douglas ex Louden) Douglas ex Forbes,,/,,Pinaceae,Y,Y,N,Y (germination),Stable (Least Concern),,,,,requested
Abies grandis,,,(Douglas ex D. Don) Lindl.,,/,,Pinaceae,Y,Y,N,N,Stable (Least Concern),,,,,requested
Abies lasiocarpa,,,(Hook.) Nutt,,/,,Pinaceae,Y,Y,N,Y,Stable (Least Concern),,,,,requested
Chamaecyparis nootkatensis,,,(D. Don) Spach,,Cupressus nootkatensis D. Don,,Cupressaceae,N,Y,N,Y (Chamaecyparis spp.),Stable (Least Concern),,,,,requested
Juniperus communis,,,L.,,,,Cupressaceae,Y,Y,Y,Y,Increasing (Least Concern),,,,,requested
Juniperus scopulorum,,,Sarg.,,,Rocky Mountain Juniper,Cupressaceae,Y,Y,N,Y,Increasing (Least Concern),,,,,requested
Juniperus maritima,,,Adams,,,Seaside Juniper,Cupressaceae,Y,N,N,N,Increasing (Least Concern),,,,,not available?
Larix laricina,,,(Du Roi) K. Koch,,,tamarack/alpine larch,Pinaceae,Y,Y,N,Y,Stable (Least Concern),,,,,requested
Larix occidentalis,,,Nutt.,,,western larch,Pinaceae,Y,Y,N,N,Stable (Least Concern),,,,,requested
Picea engelmannii,,,Parry ex Engelm,,,Engelmann spruce,Pinaceae,Y,Y,N,Y,Stable (Least Concern),,,,,requested
Picea glauca,,,(Moench) Voss,,,white spruce,Pinaceae,Y,Y,N,Y,Stable (Least Concern),,,,,requested
Picea mariana,,,"(Mill.) Britton, Sterns&Poggenb.",,,black spruce,Pinaceae,Y,Y,N,Y,Stable (Least Concern),,,,,requested
Picea sitchensis,,,(Bong.) Carriere,,,sitka spruce,Pinaceae,Y,Y,Y,N,Stable (Least Concern),,,,,requested
Pinus albicaulis,,,Engelm.,,,whitebark pine,Pinaceae,Y,Y,N,Y (pres/abs),Decreasing (Endangered),,,,,requested
Pinus contorta,,,Douglas ex Louden,,,lodgepole pine,Pinaceae,Y,Y,N,Y (germination),Stable (Least Concern),,,,,requested
Pinus monticola,,,Douglas ex D. Don,,,western white pine,Pinaceae,Y,Y,N,N,Decreasing (Near threatened),,,,,requested
Pinus ponderosa,,,C. Lawson,,,ponderosa pine,Pinaceae,Y,Y,Y,Y,Stable (Least Concern),,,,,requested
Pseudotsuga menziesii,,,(Mirb.) Franco,,,Douglas-fir,Pinaceae,Y,Y,N,,Stable (Least Concern),,,,,requested
Taxus brevifolia,,,Nutt.,,,Pacific yew/western yew,Taxaceae,Y,Y,N,,Decreasing (Near threatened),,,,,requested
Thuja plicata,,,Donn ex D. Don,,,western redcedar,Cupressaceae,Y,Y,N,,Stable (Least Concern),,,,,requested
Tsuga heterophylla,,,(Raf.) Sarg.,,,western hemlock,Pinaceae,Y,Y,N,Y (germination),Increasing (Least Concern),,,,,requested
Tsuga mertensiana,,,(Bong.)Carriere,,,mountain hemlock,Pinaceae,Y,Y,N,Y (germination),Increasing (Least Concern),,,,,requested
,,,,,,,,,,,,,,,,,
Ferns and fern-allies,,,,,,,,,,,,,,,,,requested
Equisetum arvense,,,L.,,/,,Equisetaceae,Y,Y,Y,,Unknown (Least Concern),,,,,requested
Equisetum telmateia,,,Ehrh.,,/,,Equisetaceae,Y,Y,Y,,Increasing (Least Concern),,,,,requested
Equisetum hyemale,ssp. affine,,L.,(Engelm.) Calder & Roy L. Taylor,/,,Equisetaceae,Y,Y,N,,/,,,,,requested
Lycopodium clavatum,,,L.,,/,,Lycopodiaceae,Y,Y,Y,,/,,,,,requested
Adiantum aleuticum,,,(Rupr.) Paris (syn. A. pedatum L.),,/,,Pteridaceae,Y,Y,N,,/,,,,,requested
Athyrium filix-femina,ssp. cyclosorum,,(L.) Roth.,(Rupr.) C. Chr.,Athyrium filix-foemina (L.) Roth,,Dryopteridaceae,Y,Y,Y (different family specified),,/,,,,,requested
Blechnum spicant,,,(L.) Sm.,,,deer fern,Blechnaceae,Y,Y,Y,,/,,,,,requested
Dryopteris expansa,,,(K.B. Presl) Fraser-Jenkins & Jermy,,,spiny wood fern,Dryopteridaceae,Y,Y,Y,,/,,,,,requested
Gymnocarpium dryopteris,,,s (L.) Newm.,,,oak fern,Dryopteridaceae,Y,Y,Y,,/,,,,,requested
Polypodium glycyrrhiza,,,D.C. Eaton,,,licorice fern,Polypodiaceae,Y,Y,N,,/,,,,,requested
Polystichum munitum,,,(Kaulf.) C. Presl,,,western swordfern,Dryopteridaceae,Y,Y,N,,/,,,,,requested
Pteridium aquilinum,,,m (L.) Kuhn,,,bracken fern,Denstaedtiaceae,Y,Y,Y,,Stable (Least Concern),,,,,requested
,,,,,,,,,,,,,,,,,
Flowering plants (angiosperms),,,,,,,,,,,,,,,,,
Acer circinatum,,,Pursh,,/,,Aceraceae,Y,Y,N,,Stable (Least Concern),,,,,requested
Acer glabrum,,,Torr.,,/,,Aceraceae,Y,Y,N,,Unknown (Least Concern),,,,,requested
Acer macrophyllum,,,Pursh,,/,,Aceraceae,Y,Y,N,,Unknown (Least Concern),,,,,requested
Achillea millefolium,,,L.,,/,,Asteraceae,Y,Y,N,,Unknown (Least Concern),,,,,requested
Achlys triphylla,,,(Smith) DC,,/,,Berberidaceae,Y,Y,N,,/,,,,,requested
Actaea rubra,,,(Aiton) Willd,,/,,Ranunculaceae,Y,Y,N,,/,,,,,requested
Agoseris glauca,,,(Pursh) Raf.,,/,,Asteraceae,Y,Y,Y,,/,,,,,requested
Allium cernuum,,,Roth,,,nodding onion,Liliaceae,Y,Y,N,,/,,,,,requested
Allium schoenoprasum,,var. sibiricum,(L.) Hartm.,,,wild chives,Liliaceae,Y,Y,N,,Stable (Least Concern),,,,,"requested, but as Allium schoenoprasum since var. type was not found"
Allium geyeri,,,S. Watson,,,Geyer's onion,Liliaceae,Y,Y,N,,Unknown (Least Concern),,,,,requested
Alnus incana,ssp. tenuifolia,,(L.) Moench,(Nutt.) Breitung,,mountain alder,Betulaceae,Y,Y,Y (not spp.),,Stable (Least Concern) ,,,,,requested
Alnus viridis,ssp. crispa,,(Chaix) DC.,(Aiton) Turrill,,green alder,Betulaceae,Y,Y,Y (not spp.),,/,,,,,not found
Alnus viridis,ssp. sinuata,,(Chaix) DC.,(Regel) A. Löve & D. Löve,,Sitka alder,Betulaceae,Y,Y,Y (not spp.),,/,,,,,not found
Alnus rubra,,,Bong,,,red alder,Betulaceae,Y,Y,N,,Stable (Least Concern),,,,,requested
Amelanchier alnifolia,,,Nutt. ex M. Roem.,,,saskatoonberry,Rosaceae,Y,Y,N,,Stable (Least Concern),,,,,requested
Anaphalis margaritacea,,,(L.) Benth.,,,pearly everlasting,Asteraceae,Y,Y,Y,,/,,,,,requested
Anemone multifida,,,Poir.,,,Pacific anemone,Ranunculaceae,Y,Y,N,,/,,,,,requested
Angelica genuflexa,,,Nutt.,,,kneeling angelica,Apiaceae,Y,Y,N,,/,,,,,requested
Angelica lucida,,,L.,,,seacoast angelica/sea-watch/wild celery,Apiaceae,Y,Y,N,,/,,,,,requested
Antennaria neglecta,,,Greene,,,field pussytoes,Asteraceae,Y,Y,N,,/,,,,,requested
Apocynum cannabinum,,,L.,,,Indian-hemp,Apocynaceae,Y,Y,N,,/,,,,,requested
Apocynum androsaemifolium,,,L.,,,spreading dogbane,Apocynaceae,Y,Y,Y,,/,,,,,requested
Aquilegia formosa,,,Fisch. ex DC.,,,western columbine,Ranunculaceae,Y,Y,N,,/,,,,,requested
Aralia nudicaulis,,,L.,,,wild sarsaparilla,Araliaceae,Y,Y,N,,/,,,,,requested
Arbutus menziesii,,,Pursh,,,Arbutus/Pacific madrone,Ericaceae,Y,Y,N,,Stable (Least Concern),,,,,requested
Arctostaphylos uva-ursi,,,(L.) Spreng.,,,kinnikinnick/bearberry,Ericaceae,Y,Y,Y,,/,,,,,requested
Arctous ruber,,,(Rehder.& E.H. Wilson),,Arctostaphylos rubra (Red. & Wilson) Fern.,red bearberry,Ericaceae,Y,Y,N,,/,,,,,not found
Argentina egedii,,,(Wormsk.) Rydb.,,,pacific silverweed,Rosaceae,Y,Y,N,,/,,,,,not found
Argentina anserina,,,(L.) Rydb.,,,common silverweed,Rosaceae,N,Y,N,,Unknown (Least Concern),,,,,requested
Arnica cordifolia,,,Hook.,,,heartleaved arnica,Asteraceae,Y,Y,N,,/,,,,,requested
Artemisia dracunculus,,,L.,,,wild tarragon/dragon sagewort,Asteraceae,Y,Y,Y,,/,,,,,requested
Artemisia frigida,,,Willd.,,,northern wormwood/prairie sagewort,Asteraceae,Y,Y,N,,/,,,,,requested
Artemisia ludoviciana,,,Nutt.,,,white sagebrush,Asteraceae,Y,Y,Y,,/,,,,,requested
Artemisia tilesii,,,Ledeb.,,,"Tilesius’ wormwood, or “caribou leaves”",Asteraceae,Y,Y,N,,/,,,,,requested
Artemisia tridentata,,,Nutt.,,,big sagebrush,Asteraceae,Y,Y,N,,Stable (Least Concern),,,,,requested
Aruncus dioicus,,,(Walter) Fernald,,,goatsbeard/bride's father,Rosaceae,Y,Y,Y,,/,,,,,requested
Asarum caudatum,,,Lindl.,,,wild ginger,Aristolochiaceae,Y,Y,N,,/,,,,,requested
Asclepias speciosa,,,Torr.,,,common milkweed,Asclepiadaceae,Y,Y,N,,/,,,,,requested
Balsamorhiza sagittata,,,(Pursh) Nutt.,,,arrowleaf balsamroot/spring sunflower,Asteraceae,Y,Y,N,,/,,,,,requested
Betula nana,,,L.,,,scrub birch,Betulaceae,Y,Y,Y,,Stable (Least Concern),,,,,requested
Betula pumila,,var. glandulifera,Regel,,,bog birch,Betulaceae,Y,Y,N,,Stable (Least Concern),,,,,found w/o var. glandulifolia
Betula occidentalis,,,Hook.,,,water birch,Betulaceae,Y,Y,N,,Stable (Least Concern),,,,,requested
Betula papyrifera,,,Marsh.,,,paper birch,Betulaceae,Y,Y,N,,Stable (Least Concern),,,,,requested
Boschniakia hookeri,,,Walp.,,,groundcone/poque,Orobanchaceae,Y,Y,N,,/,,,,,requested
Boschniakia rossica,,,(Cham. & Schltdl.) Fedtsch.,,,northern groundcone,Orobanchaceae,Y,Y,N,,/,,,,,requested
Bromus carinatus,,,Hook. & Arn.,,,bromegrass,Poaceae,Y,Y,N,,/,,,,,requested
Calamagrostis rubescens,,,Buckley,,,pinegrass/timbergrass,Poaceae,Y,Y,N,,/,,,,,requested
Calochortus macrocarpus,,,Douglas,,,sagebrush mariposa lily,Liliaceae,Y,Y,N,,/,,,,,requested
Calypso bulbosa,,,(L.) Oakes,,,false ladyslipper/fairy slipper,Orchidaceae,Y,Y,N,,/,,,,,requested
Camassia quamash,,,(Pursh) Greene,,,common camas,Liliaceae,Y,Y,N,,/,,,,,requested
Camassia leichtlinii,,,(Baker) S. Watson,,,,Liliaceae,Y,Y,N,,/,,,,,requested
Campanula rotundifolia,,,L.,,,blue harebell,Campanulaceae,Y,Y,this dataset does not seem worth it ,,/,,,,,requested
Carex obnupta,,,L.H. Bailey,,,slough sedge,Cyperaceae,Y,Y,,,Unknown (Least Concern),,,,,requested
Carex rostrata,,,Stokes,,,beaked sedge,Cyperaceae,Y,Y,,,Stable (Least Concern),,,,,requested
Castilleja miniata,,,Douglas ex Hook.,,,red paintbrush,Scrophulariaceae,Y,Y,,,/,,,,,requested
Castilleja hispida,,,Benth.,,,harsh paintbruch,Scrophulariaceae,Y,Y,,,/,,,,,requested
Ceanothus sanguineus,,,Pursh,,,buckbrush/restem ceanothus,Rhamnaceae,Y,Y,,,/,,,,,requested
Ceanothus velutinus,,,Douglas ex Hook.,,,snowbrush,Rhamnaceae,Y,Y,,,Stable (Least Concern),,,,,requested
Chenopodium capitatum,,,(L.) Asch.,,,strawberry blite,Chenopodiaceae,Y,Y,,,/,,,,,requested
Chimaphila umbellata,,,(L.) W. Bartram,,,pipsissewa/prince's pine,Ericaceae,Y,Y,,,/,,,,,requested
Cicuta douglasii,,,(DC.) J.M. Coult. & Rose,,,Douglas’ water-hemlock,Apiaceae,Y,Y,,,Unknown (Least Concern),,,,,requested
Cicuta virosa,,,L.,,,Mackenzie’s water-hemlock,Apiaceae,Y,Y,,,Stable (Least Concern),,,,,requested
Cirsium brevistylum,,,Cronquist,,,clustered thistle,Asteraceae,Y,Y,,,/,,,,,requested
Cirsium edule,,,Nutt.,,,edibel thistle,Asteraceae,Y,Y,,,/,,,,,requested
Cirsium hookerianum,,,Nutt.,,,white thistle,Asteraceae,Y,Y,,,/,,,,,requested
Cirsium undulatum,,,Nutt.,,,wavyleaf thistle,Asteraceae,Y,Y,,,/,,,,,requested
Cirsium arvense,,,(L.) Scop.,,,Canada thistle,Asteraceae,Y,Y,,,/,,,,,requested
Cirsium vulgare,,,(Savi) Ten.,,,Scottish thistle/bull thistle,Asteraceae,Y,Y,,,/,,,,,requested
Claytonia lanceolata,,,Pall. ex Pursh,,,spring beauty/mountain pine,Portulacaceae,Y,Y,,,/,,,,,requested
Claytonia sibirica,,,L.,,,Siberian miner’s lettuce,Portulacaceae,Y,Y,,,/,,,,,requested
Clematis columbiana,,,(Nutt.) Torr. & A. Gray,,,rock blue clematis,Ranunculaceae,Y,Y,,,/,,,,,requested
Clematis occidentalis,,,(Hornem.) DC.,,,western blue clematis/blue virgin’s-bower,Ranunculaceae,Y,Y,,,/,,,,,requested
Clematis ligusticifolia,,,Nutt.,,,western white clematis,Ranunculaceae,Y,Y,,,/,,,,,requested
Clintonia uniflora,,,(Menzies ex Schult. & Schult. f.) Kunth,,,Queenscup,Liliaceae,Y,Y,,,/,,,,,requested
Comandra umbellata,,,(L.) Nutt.,,,bastard toadflax,Santalaceae,Y,Y,,,/,,,,,requested
Comarum palustre,,,L.,,,purple marshlocks/marsh cinquefoil,Rosaceae,Y,Y,,,Unknown (Least Concern),,,,,requested
Conioselinum gmelinii,,,(Cham. & Schltdl.) Steud.,,,Pacific hemlockparsley,Apiaceae,N,Y,,,/,,,,,not found
Cornus canadensis,,,L.,,,Canada bunchberry/dwarf dogwood,Cornaceae,Y,Y,,,/,,,,,requested
Cornus unalaschkensis,,, Ledeb.,,,western cordilleran bunchberry,Cornaceae,Y,Y,,,/,,,,,requested
Cornus suecica,,,L.,,,dwarf bog bunchberry,Cornaceae,Y,Y,,,/,,,,,requested
Cornus nuttallii,,,Audubon ex Torr. & A. Gray,,,Pacific flowering dogwood,Cornaceae,Y,Y,,,Stable (Least Concern),,,,,requested
Cornus sericea,,,L.,,,red-osier dogwood/red willow,Cornaceae,Y,Y,,,Increasing (Least Concern),,,,,requested
Corylus cornuta,,,Marhs.,,,beaked hazelnut,Betulaceae,Y,Y,,,Stable (Least Concern),,,,,requested
Crataegus douglasii,,,Lindl.,,,black hawthorn,Rosaceae,Y,Y,,,Stable (Least Concern),,,,,requested
Dasiphora fruticosa,,,(L.) Rydb.,,,shrubby cinquefoil,Rosaceae,Y,N,,,/,,,,,requested
Delphinium nuttallianum,,,Pritz. ex Walp,,,larkspur,Ranunculaceae,Y,Y,,,/,,,,,requested
Dicentra formosa,,,(Haw.) Walp.,,,Pacific bleedingheart,Fumariaceae,Y,Y,,,/,,,,,requested
Dodecatheon hendersonii,,,A. Gray,,,shootingstars,Primulaceae,Y,Y,,,/,,,,,not found
Dodecatheon pauciflorum,,,(Durand) Greene,,,shootingstars,Primulaceae,N,N,,,/,,,,,not found
Dodecatheon pulchellum,,,(Raf.) Merr.,,,shootingstars,Primulaceae,Y,Y,,,/,,,,,not found
Dodecatheon jeffreyi,,,Van Houtte,,,shootingstars,Primulaceae,Y,Y,,,/,,,,,not found
Drosera rotundifolia,,,L.,,,English sundew,Droseraceae,Y,Y,,,Unknown (Least Concern),,,,,requested
Drosera anglica,,,Huds.,,,English sundew,Droseraceae,Y,N,,,/,,,,,requested
Elaeagnus commutata,,,Bernh. ex Rydb,,,silveryberry,Elaeagnaceae,Y,Y,,,Unknown (Least Concern),,,,,requested
Empetrum nigrum,,,L.,,,black crowberry/blackberry,Empetraceae,Y,Y,,,/,,,,,requested
Epilobium angustifolium,,,L.,,,firewood,Onagraceae,Y,N,,,/,,,,,requested
Ericameria nauseosa,,,(Pall. ex Pursh) G.L. Nesom & Baird,,,common rabbitbrush,Asteraceae,Y,Y,,,/,,,,,requested
Eriophorum angustifolium,,,Honck.,,,cottongrass,Cyperaceae,Y,Y,,,Stable (Least Concern),,,,,requested
Eriophorum chamissonis,,,C.A. May.,,,cottongrass,Cyperaceae,Y,N,,,Unknown (Least Concern),,,,,requested
Erythronium grandiflorum,,,Pursh.,,,yellow glacier lily/yellow avalance,Liliaceae,Y,Y,,,/,,,,,requested
Eurybia conspicua,,,(Lindl.) G.L. Nesom,,,western showy aster,Asteraceae,Y,Y,,,/,,,,,requested
Fragaria chiloensis,,,(L.) Mill.,,,seaside/beach strawberry,Rosaceae,Y,Y,,,/,,,,,requested
Fragaria vesca,,,L.,,,woodland strawberry,Rosaceae,Y,Y,,,/,,,,,requested
Fragaria virginiana,,,Duchesne,,,blueleaf/Virgina strawberry,Rosaceae,Y,Y,,,/,,,,,requested
Frangula purshiana,,,(DC.) Cooper,,,Cascara,Rhamnaceae,Y,Y,,,Decreasing (Least Concern),,,,,requested
Frasera montana,,,Mulford,,,White Frasera,Gentianaceae,Y,Y,,,/,,,,,requested
Fritillaria affinis,,,(Schult.) Sealy,,,chocolate lily/riceroot,Liliaceae,Y,Y,,,/,,,,,requested
Fritillaria camschatcensis,,,(L.) Ker Gawl.,,,"northern riceroot, Kamchatka fritillaria, sarana lily",Liliaceae,Y,Y,,,/,,,,,requested
Fritillaria pudica,,,(Pursh) Spreng.,,,yellowbells/yellow fritillary,Liliaceae,Y,Y,,,/,,,,,requested
Gaillardia aristata,,,Pursh,,,"brown-eyed Susan, blanketflower, or common gaillardia",Asteraceae,Y,Y,,,/,,,,,requested
Galium aparine,,,L.,,,common bedstraw,Rubiaceae,Y,Y,,,/,,,,,requested
Galium triflorum,,,Michx.,,,sweet-scented bedstraw,Rubiaceae,Y,Y,,,Unknown (Least Concern),,,,,requested
Gaultheria shallon,,,Pursh,,,salal,Ericaceae,Y,Y,,,/,,,,,requested
Geranium viscosissimum,,,Fisch. & C.A. Mey. ex C.A. Mey.,,,sticky purple geranium,Geraniaceae,Y,Y,,,/,,,,,requested
Geum macrophyllum,,,Willd.,,,large-leaved avens,Rosaceae,Y,Y,,,/,,,,,requested
Geum triflorum,,,Pursh,,,old man’s whiskers/prairie smoke,Rosaceae,Y,Y,,,/,,,,,requested
Glaux maritima,,,L.,,,sea milkwort,Primulaceae,Y,Y,,,Unknown (Least Concern),,,,,requested
Goodyera oblongifolia,,,Raf.,,,western rattlesnake plantain,Orchidaceae,Y,Y,,,/,,,,,requested
Hackelia diffusa,,,(Lehm.) I.M. Johnst.,,,spreading stickseed,Boraginaceae,Y,Y,,,/,,,,,requested
Lappula occidentalis,,,(S. Watson) Greene,,,western stickseed,Boraginaceae,Y,Y,,,/,,,,,requested
Hedysarum alpinum,,,L.,,,alpine sweetvetch,Fabaceae,Y,Y,,,Unknown (Least Concern),,,,,requested
Heracleum maximum,,,Bartram,,,common cow-parsnip,Apiaceae,Y,Y,,,Unknown (Least Concern),,,,,not found
Heuchera cylindrica,,,Douglas ex Hook.,,,roundleaf alumroot,Saxifragaceae,Y,Y,,,/,,,,,requested
Heuchera chlorantha,,,Piper,,,meadow alumroot,Saxifragaceae,Y,N,,,/,,,,,request
Hierochloe hirta,,,(Schrank) Borbás,,,northern sweetgrass,Poaceae,Y,N,,,/,,,,,not found
Hordeum jubatum,,,L.,,,foxtail barley,Poaceae,Y,Y,,,Stable (Least Concern),,,,,requested
Holodiscus discolor,,,(Pursh) Maxim,,,oceanspray,Rosaceae,Y,Y,,,/,,,,,requested
Juncus effusus,,,L.,,,common rush,Juncaceae,Y,Y,,,Stable (Least Concern),,,,,requested
Kalmia microphylla,,,(Hook.) A. Heller,,,bog/swamp laurel,Ericaceae,Y,Y,,,Unknown (Least Concern),,,,,requested
Lathyrus ochroleucus,,,Hook.,,,cream pea,Fabaceae,Y,Y,,,/,,,,,requested
Lathyrus japonicus,,,Willd.,,,beach pea,Fabaceae,Y,Y,,,Unknown (Least Concern),,,,,requested
Lathyrus nevadensis,,,S. Watson,,,Sierra pea,Fabaceae,Y,Y,,,/,,,,,requested
Lewisia rediviva,,,Pursh,,,bitterroot,Portulaceae,Y,Y,,,/,,,,,requested
Leymus cinereus,,,(Scribn. & Merr.) A. Love,,,basin/giant wildrye,Poaceae,Y,Y,,,/,,,,,requested
Leymus mollis,,,(Trin.) Pilg.,,,American dunegrass,Poaceae,Y,Y,,,/,,,,,requested
Ligusticum canbyi,,,(J.M. Coult. & Rose) J.M. Coult. & Rose,,,Canby's lovage/Canby’s licorice-root,Apiaceae,Y,Y,,,Unknown (Least Concern),,,,,requested
Ligusticum scoticum,,,L.,,,Scottish lovage/ Scottish licorice-root,Apiaceae,Y,Y,,,Unknown (Least Concern),,,,,requested
Lilium columbianum,,,Leichtlin,,,tiger lily/Columbia lily,Liliaceae,Y,Y,,,/,,,,,requested
Linnaea borealis,,,L.,,,twinflower,Caprifoliaceae,Y,Y,,,/,,,,,requested
Lithospermum ruderale,,,Douglas ex Lehm.,,,western stoneseed,Boraginaceae,Y,Y,,,/,,,,,requested
Lomatium canbyi,,,(J.M. Coult. & Rose) J.M. Coult. & Rose,,,Canby’s biscuitroot,Apiaceae,Y,Y,,,/,,,,,requested
Lomatium cous,,,(S. Watson) J.M. Coult. & Rose,,,/,Apiaceae,Y,Y,,,/,,,,,requested
Lomatium dissectum,,,(Nutt.) Mathias & Constance,,,"chocolate tips, or fernleaf biscuitroot",Apiaceae,Y,Y,,,/,,,,,requested
Lomatium geyeri,,,(S. Watson) J.M. Coult. & Rose,,,Geyer’s biscuitroot,Apiaceae,Y,Y,,,/,,,,,requested
Lomatium macrocarpum,,,(Nutt. ex Torr. & A. Gray) J.M. Coult. & Rose,,,desert parsley/bigseed biscuitroot,Apiaceae,N,Y,,,/,,,,,requested
Lomatium nudicaule,,,(Pursh) J.M. Coult. & Rose,,,"“wild celery,” barestem lomatium/barestem biscuitroot",Apiaceae,Y,Y,,,/,,,,,requested
Lonicera ciliosa,,,(Pursh) Poir. ex DC.,,,orange honeysuckle,Caprifoliaceae,Y,Y,,,/,,,,,requested
Lonicera involucrata,,,(Richardson) Banks ex Spreng.,,,"black twinberry, or twinflower honeysuckle",Caprifoliaceae,Y,Y,,,/,,,,,requested
Lupinus nootkatensis,,,Donn ex Sims,,,Nootka lupine,Fabaceae,Y,Y,,,Stable (Least Concern),,,,,requested
Lupinus polyphyllus,,,Lindl,,,bigleaf lupine,Fabaceae,Y,Y,,,Unknown (Least Concern),,,,,requested
Lysichiton americanus,,,Hultén & H. St. John,,,American skunk-cabbage,Araceae,Y,Y,,,Unknown (Least Concern),,,,,requested
Mahonia aquifolium,,,(Pursh) Nutt.,,,tall Oregon-grape,Berberidaceae,Y,Y,,,/,,,,,not found
Mahonia nervosa,,,(Pursh) Nutt.,,,dull-leaved Oregon-grape,Berberidaceae,N,Y,,,/,,,,,not found
Maianthemum dilatatum,,,(Alph. Wood) A. Nelson & J.F. Macbr.,,,"wild lily-of-thevalley, or false lily-of-the-valley",Liliaceae,Y,Y,,,/,,,,,requested
Maianthemum racemosum,ssp. amplexicaule,,,(Nutt.) LaFrankie,,false Solomon's-seal,Liliaceae,Y,Y,,,/,,,,,requested
Malus fusca,,,(Raf.) C.K. Schneid,,,Pacific crabapple,Rosaceae,Y,Y,,,Stable (Least Concern),,,,,requested
Mentha arvensis,,,L.,,,field mint/Canada mint,Lamiaceae,Y,Y,,,Unknown (Least Concern),,,,,requested
Menziesia ferruginea ,,,Sm.,,,false azalea/fool’s huckleberry,Ericaceae,Y,Y,,,/,,,,,not found
Moneses uniflora,,,(L.) A. Gray,,,single delight/one-flowered pyrola,Ericaceae,Y,Y,,,/,,,,,requested
Monotropa uniflora,,,L.,,,Indian-pipe,Monotropaceae,Y,Y,,,/,,,,,requested
Myrica gale,,,L.,,,sweetgale,Myricaceae,Y,Y,,,Unknown (Least Concern),,,,,requested
Nicotiana attenuata,,,Torr. ex S. Watson,,,wild/coyote tobacco,Solanaceae,N,Y,,,/,,,,,requested
Nicotiana quadrivalvis,,,Pursh,,,Haida/Northwest Coast tobacco,Solanaceae,Y,Y,,,/,,,,,requested
Nicotiana tabacum,,,L.,,,cultivated tobacco,Solanaceae,Y,Y,,,/,,,,,requested
Nuphar lutea,,,(L.) Sm. ssp. polysepala (Engelm.) E.O. Beal,,,yellow pond-lily,Nymphaeaceae,Y,Y,,,Stable (Least Concern),,,,,requested
Oemleria cerasiformis,,,(Torr. & A. Gray ex Hook. & Arn.) Landon,,,"bird plum, bird cherry",Rosaceae,Y,Y,,,Stable (Least Concern),,,,,requested
Oenanthe sarmentosa,,,C. Presl ex DC.,,,water-parsley,Apiaceae,Y,Y,,,Unknown (Least Concern),,,,,requested
Oplopanax horridus,,,(Sm.) Miq.,,,devil’s-club,Araliaceae,Y,Y,,,/,,,,,requested
Opuntia fragilis,,,(Nutt.) Haw.,,,brittle pricklypear cactus,Cactaceae,Y,Y,,,Stable (Least Concern),,,,,requested
Opuntia polyacantha,,,Haw.,,,plains pricklypear cactus,Cactaceae,Y,Y,,,Stable (Least Concern),,,,,requested
Osmorhiza berteroi,,,DC,,,sweet cicely,Apiaceae,Y,Y,,,/,,,,,requested
Osmorhiza occidentalis,,,(Nutt.) Torr.,,,western sweet cicely/ “sweetroot”,Apiaceae,Y,Y,,,/,,,,,requested
Oxalis oregana,,,Nutt.,,,Oregon woodsorrel,Oxalidaceae,Y,Y,,,/,,,,,requested
Oxyria digyna,,,(L.) Hill,,,mountain sorrel,Polygonaceae,Y,Y,,,/,,,,,requested
Paxistima myrsinites,,,(Pursh) Raf.,,,false box/Oregon boxleaf,Celastraceae,Y,Y,,,/,,,,,requested
Penstemon fruticosus,,,(Pursh) Greene,,,shrubby penstemon,Scrophulariaceae,Y,Y,,,/,,,,,requested
Perideridia gairdneri,,,(Hook. & Arn.) Mathias,,,wild caraway/yampah,Apiaceae,Y,Y,,,/,,,,,requested
Petasites frigidus,,,(L.) Fr. var. sagittatus (Banks ex Pursh) Cherniawsky,,,arrowleaf sweet coltsfoot,Asteraceae,Y,Y,,,Unknown (Least Concern),,,,,requested
Phalaris arundinacea,,,L.,,,reed canarygrass,Poaceae,Y,Y,,,Unknown (Least Concern),,,,,requested
Philadelphus lewisii,,,Pursh,,,mock-orange,Hydrangeaceae,Y,Y,,,/,,,,,requested
Phyllospadix scouleri,,,Hook. and P. torreyi S. Watson,,,surf-grass/seagrass,Zosteraceae,Y,Y,,,Stable (Least Concern),,,,,requested
Physocarpus capitatus,,,(Pursh) Kuntze,,,Pacific ninebark,Rosaceae,Y,Y,,,/,,,,,requested
Physocarpus malvaceus,,,(Greene) Kuntze,,,mallow ninebark,Rosaceae,Y,Y,,,/,,,,,requested
Plantago major,,,L.,,,"broadleaved plantain, or common plantain",Plantaginaceae,Y,Y,,,Unknown (Least Concern),,,,,requested
Plantago maritima,,,L.,,,"seaside plantain, or goose tongue",Plantaginaceae,Y,Y,,,Unknown (Least Concern),,,,,requested
Platanthera dilatata,,,(Pursh) Lindl. ex Beck,,,scented bog orchid,Orchidaceae,Y,Y,,,/,,,,,requested
Platanthera stricta,,,Lindl.,,,slender bog orchid,Orchidaceae,Y,Y,,,/,,,,,requested
Platanthera hyperborea,,,(L.) Lindl,,,northern green orchid,Orchidaceae,Y,N,,,Unknown (Least Concern),,,,,requested
Populus balsamifera,ssp. balsamifera,,L.,,,balsam poplar,Salicaceae,Y,Y,,,Stable (Least Concern),,,,,requested
Populus balsamifera,ssp. trichocarpa,,L.,(Torr. & A. Gray ex Hook.) Brayshaw,,black cottonwood,Salicaceae,Y,Y,,,Stable (Least Concern),,,,,requested
Populus tremuloides,,,Michx,,,trembling aspen,Salicaceae,Y,Y,,,Stable (Least Concern),,,,,requested
Potamogeton natans,,,L.,,,floating pondweed,Potamogetonaceae,Y,Y,,,Stable (Least Concern),,,,,requested
Prunus emarginata,,,(Douglas ex Hook.) D. Dietr.,,,bitter cherry,Rosaceae,Y,Y,,,Stable (Least Concern),,,,,requested
Prunus pensylvanica,,,L. f.,,,pin cherry,Rosaceae,Y,Y,,,Stable (Least Concern),,,,,requested
Prunus virginiana,,,L.,,,choke cherry,Rosaceae,Y,Y,,,Stable (Least Concern),,,,,requested
Pseudoroegneria spicata,,,(Pursh) A. Löve,,,bluebunch wheatgrass,Poaceae,Y,Y,,,/,,,,,not found
Pterospora andromedea,,,Nutt.,,,pinedrops,Monotropaceae,Y,Y,,,/,,,,,requested
Purshia tridentata,,,(Pursh) DC.,,,antelope-brush,Rosaceae,Y,Y,,,/,,,,,requested
Pyrola asarifolia,,,Michx.,,,common pyrola/common pink wintergreen,Pyrolaceae,Y,Y,,,/,,,,,requested
Quercus garryana,,,Douglas ex Hook.,,,garry oak,Fagaceae,Y,Y,,,Stable (Least Concern),,,,,requested
Ranunculus glaberrimus,,,Hook.,,,sagebrush buttercup,Ranunculaceae,Y,Y,,,/,,,,,requested
Ranunculus acris,,,L.,,,tall buttercup,Ranunculaceae,Y,Y,,,Stable (Least Concern),,,,,requested
Ranunculus occidentalis,,,Nutt.,,,western buttercup,Ranunculaceae,Y,Y,,,/,,,,,requested
Rhodiola rosea,,,L.,,,roseroot stonecrop,Crassulaceae,Y,Y,,,/,,,,,requested
Rhododendron albiflorum,,,Hook.,,,white mountain rhododendron,Ericaceae,Y,Y,,,/,,,,,not found
Rhododendron groenlandicum,,,(Oeder) K.A. Kron & W.S. Judd,,,Labrador-tea,Ericaceae,N,N,,,/,,,,,not found
Rhododendron neoglandulosum,,,Harmaja (syn. L. glandulosum Nutt.),,,"trapper’s tea, or western Labrador-tea",Ericaceae,N,N,,,/,,,,,not found
Rhus glabra,,,L.,,,smooth sumac,Anacardiaceae,Y,Y,,,Stable (Least Concern),,,,,requested
Ribes aureum,,,Pursh,,,golden currant,Grossulariaceae,Y,Y,,,/,,,,,requested
Ribes bracteosum,,,Douglas ex Hook.,,,gray currant/stink currant,Grossulariaceae,Y,Y,,,/,,,,,requested
Ribes cereum,,,Douglas,,,desert currant/wax currant,Grossulariaceae,Y,Y,,,/,,,,,requested
Ribes divaricatum,,,Douglas,,,coastal black gooseberry,Grossulariaceae,Y,Y,,,/,,,,,requested
Ribes lobbii,,,A. Gray,,,gummy gooseberry,Grossulariaceae,Y,Y,,,/,,,,,requested
Ribes inerme,,,Rydb.,,,whitestem gooseberry,Grossulariaceae,Y,Y,,,/,,,,,requested
Ribes oxyacanthoides,,,L. ssp. irriguum (Douglas) Sinnott,,,northern gooseberry,Grossulariaceae,Y,Y,,,/,,,,,requested
Ribes hudsonianum,,,Richardson,,,northern black currant,Grossulariaceae,Y,Y,,,/,,,,,requested
Ribes lacustre,,,(Pers.) Poir.,,,"prickly currant, or swamp gooseberry",Grossulariaceae,Y,Y,,,/,,,,,requested
Ribes laxiflorum,,,Pursh,,,trailing currant,Grossulariaceae,Y,Y,,,Unknown (Least Concern),,,,,requested
Ribes glandulosum,,,Grauer,,,skunk currant,Grossulariaceae,Y,Y,,,Unknown (Least Concern),,,,,requested
Ribes sanguineum,,,Pursh,,,red-flowering currant,Grossulariaceae,Y,Y,,,/,,,,,requested
Ribes triste,,,Pall.,,,northern red currant,Grossulariaceae,Y,Y,,,/,,,,,requested
Rosa acicularis,,,Lindl.,,,prickly rose,Rosaceae,Y,Y,,,Unknown (Least Concern),,,,,requested
Rosa nutkana,,,C. Presl,,,Nootka rose,Rosaceae,Y,Y,,,/,,,,,requested
Rosa pisocarpa,,,A. Gray,,,swamp rose,Rosaceae,Y,Y,,,/,,,,,requested
Rosa woodsii,,,Lindl.,,,Wood’s rose,Rosaceae,Y,Y,,,/,,,,,requested
Rosa gymnocarpa,,,Nutt.,,,"dwarf wild rose, or baldhip rose",Rosaceae,Y,Y,,,/,,,,,requested
Rubus arcticus,,,L. ssp. acaulis (Michx.) Focke,,,"nagoonberry, dwarf raspberry",Rosaceae,Y,Y,,,Unknown (Least Concern),,,,,requested
Rubus chamaemorus,,,L.,,,"cloudberry, or bakeapple",Rosaceae,Y,Y,,,Unknown (Least Concern),,,,,requested
Rubus idaeus,,,L.,,,"wild raspberry, or American red raspberry",Rosaceae,Y,Y,,,/,,,,,requested
Rubus leucodermis,,,Douglas ex Torr. & A. Gray,,,"blackcap, or black raspberry",Rosaceae,Y,Y,,,/,,,,,requested
Rubus parviflorus,,,Nutt.,,,thimbleberry,Rosaceae,Y,Y,,,/,,,,,requested
Rubus pedatus,,,Sm.,,,trailing raspberry,Rosaceae,Y,Y,,,Unknown (Least Concern),,,,,requested
Rubus pubescens,,,Raf.,,,dwarf red raspberry,Rosaceae,Y,Y,,,Unknown (Least Concern),,,,,requested
Rubus spectabilis,,,Pursh,,,salmonberry,Rosaceae,Y,Y,,,/,,,,,requested
Rubus ursinus,,,Cham. & Schltdl.,,,trailing blackberry,Rosaceae,Y,Y,,,/,,,,,requested
Rumex aquaticus,,,L. var. fenestratus (Greene) Dorn,,,western dock,Polygonaceae,Y,Y,,,/,,,,,requested
Sagittaria latifolia,,,Willd.,,,"wapato, or broadleaf arrowhead",Alismataceae,Y,Y,,,Unknown (Least Concern),,,,,requested
Sagittaria cuneata,,,Sheldon,,,arumleaf arrowhead,Alismataceae,Y,Y,,,Unknown (Least Concern),,,,,requested
Salix barclayi,,,Andersson,,,Barclay’s willow,Salicaeae,Y,N,,,Stable (Least Concern),,,,,requested
Salix bebbiana,,,Sarg.,,,Bebb willow,Salicaeae,Y,Y,,,Unknown (Least Concern),,,,,requested
Salix discolor,,,Muhl.,,,pussy willow,Salicaeae,Y,Y,,,Stable (Least Concern),,,,,requested
Salix hookeriana,,,Barratt ex Hook. ,,,Hooker's willow,Salicaeae,Y,Y,,,Stable (Least Concern),,,,,requested
Salix scouleriana,,,Barratt ex Hook. ,,,Scouler’s willow,Salicaeae,Y,Y,,,Stable (Least Concern),,,,,requested
Salix sitchensis,,,Sanson ex Bong.,,,Sitka willow,Salicaeae,Y,Y,,,Stable (Least Concern),,,,,requested
Salix exigua,,,Nutt.,,,"sandbar willow, or rope willow",Salicaceae,Y,Y,,,Stable (Least Concern),,,,,requested
Salix lucida,,,Muhl. ssp. lasiandra (Benth.) E. Murray,,,Pacific willow,Salicaceae,Y,Y,,,Stable (Least Concern),,,,,requested
Sambucus nigra,,,L. ssp. cerulea (Raf.) R. Bolli,,,blue elderberry,Caprifoliaceae,Y,Y,,,Stable (Least Concern),,,,,requested
Sambucus racemosa,,,L. ,,,red elderberry,Caprifoliaceae,Y,Y,,,Stable (Least Concern),,,,,requested
Schoenoplectus acutus,,,(Muhl. ex Bigelow) A. Löve & D. Löve,,,hardstem bulrush,Cyperaceae,Y,Y,,,Unknown (Least Concern),,,,,requested
Schoenoplectus americanus,,,(Pers.) Volkart ex Schinz & R. Keller,,,Olney’s three-square bulrush,Cyperaceae,Y,Y,,,Unknown (Least Concern),,,,,requested
Scirpus microcarpus,,,J. Presl & C. Presl,,,"small-flowered bulrush, or “cutgrass”",Cyperaceae,Y,Y,,,Unknown (Least Concern),,,,,requested
Sedum divergens,,,S. Watson,,,Pacific stonecrop,Crassulaceae,Y,Y,,,/,,,,,requested
Sedum oreganum,,,Nutt.,,,Oregon stonecrop,Crassulaceae,Y,N,,,/,,,,,requested
Shepherdia canadensis,,,(L.) Nutt.,,,"soapberry, or russet buffaloberry",Elaeagnaceae,Y,Y,,,/,,,,,requested
Sium suave,,,Walter,,,water-parsnip,Apiaceae,Y,Y,,,Unknown (Least Concern),,,,,requested
Solidago canadensis,,,L.,,,Canada goldenrod,Asteraceae,Y,Y,,,/,,,,,requested
Sorbus sitchensis,,,M. Roem.,,,western mountain-ash,Rosaceae,Y,Y,,,Stable (Least Concern),,,,,requested
Sorbus scopulina,,,Greene,,,Greene’s mountain-ash,Rosaceae,Y,Y,,,Stable (Least Concern),,,,,requested
Spiraea betulifolia,,,Pall,,,birch-leaved spiraea,Rosaceae,Y,Y,,,/,,,,,requested
Spiraea douglasii,,,Hook.,,,hardhack,Rosaceae,Y,Y,,,/,,,,,requested
Stachys chamissonis,,,Benth. var. cooleyae (A. Heller) G. Mulligan & D. Munro,,,coastal hedge-nettle,Lamiaceae,Y,N,,,/,,,,,requested
Streptopus amplexifolius,,,(L.) DC.,,,clasping twistedstalk,Liliaceae,Y,Y,,,/,,,,,requested
Streptopus streptopoides,,,(Ledeb.) Frye & Rigg,,,small twistedstalk,Liliaceae,Y,N,,,/,,,,,requested
Symphoricarpos albus,,,(L.) S.F. Blake,,,"common snowberry, or waxberry",Caprifoliaceae,Y,Y,,,/,,,,,requested
Thalictrum occidentale,,,Gray,,,western meadowrue,Ranunculaceae,Y,Y,,,/,,,,,requested
Toxicodendron rydbergii,,,(Small ex Rydb.) Greene,,,western poison-ivy,Anacardiaceae,Y,Y,,,/,,,,,requested
Trifolium wormskioldii,,,Lehm.,,,springbank clover,Fabaceae,Y,Y,,,/,,,,,requested
Triglochin maritima,,,L.,,,seaside arrowgrass,Juncaginaceae,Y,Y,,,Unknown (Least Concern),,,,,requested
Trillium ovatum,,,Pursh,,,western trillium,Liliaceae,Y,Y,,,Unknown (Least Concern),,,,,requested
Trillium petiolatum,,,Pursh,,,round-leaved trillium,Liliaceae,Y,Y,,,Unknown (Least Concern),,,,,requested
Triteleia grandiflora,,,Lindl,,,large-flowered triteleia,Liliaceae,Y,Y,,,/,,,,,requested
Typha latifolia,,,L.,,,cattail,Typhaceae,Y,Y,,,Stable (Least Concern),,,,,requested
Urtica dioica,,,L.,,,stinging nettle,Urticaceae,Y,Y,,,Unknown (Least Concern),,,,,requested
Vaccinium alaskaense,,,Howell,,,Alaska blueberry,Ericaceae,Y,N,,,/,,,,,requested
Vaccinium caespitosum,,,Michx.,,,dwarf bilberry,Ericaceae,Y,Y,,,/,,,,,requested
Vaccinium membranaceum,,,Douglas ex Torr.,,,"black mountain huckleberry, or thinleaf huckleberry",Ericaceae,Y,Y,,,/,,,,,requested
Vaccinium myrtilloides,,,Michx.,,,"velvetleaf blueberry, or Canada blueberry",Ericaceae,Y,Y,,,/,,,,,requested
Vaccinium ovalifolium,,,Sm.,,,oval-leaved blueberry,Ericaceae,Y,Y,,,/,,,,,requested
Vaccinium ovatum,,,Pursh,,,evergreen huckleberry,Ericaceae,Y,Y,,,/,,,,,requested
Vaccinium oxycoccos,,,L.,,,"bog cranberry, or small cranberry",Ericaceae,Y,Y,,,Unknown (Least Concern),,,,,requested
Vaccinium parvifolium,,,Sm.,,,red huckleberry,Ericaceae,Y,Y,,,/,,,,,requested
Vaccinium scoparium,,,Leiberg ex Coville,,,grouseberry,Ericaceae,Y,Y,,,/,,,,,requested
Vaccinium myrtillus,,,L.,,,whortleberry,Ericaceae,Y,Y,,,/,,,,,requested
Vaccinium uliginosum,,,L.,,,bog blueberry,Ericaceae,Y,Y,,,/,,,,,requested
Vaccinium vitis-idaea,,,L.,,,"lingonberry, or lowbush cranberry",Ericaceae,Y,Y,,,Unknown (Least Concern),,,,,requested
Valeriana edulis,,,Nutt. ex Torr. & A. Gray,,,"tobacco root, or edible valerian",Valerianaceae,Y,Y,,,/,,,,,requested
Valeriana sitchensis,,,Bong,,,"mountain valerian, or Sitka valerian",Valerianaceae,Y,Y,,,/,,,,,requested
Veratrum viride,,,Aiton,,,"false hellebore, or green hellebore",Liliaceae,Y,Y,,,/,,,,,requested
Viburnum edule,,,(Michx.) Raf,,,"highbush cranberry, or squashberry",Caprifoliaceae,Y,Y,,,/,,,,,requested
Viburnum opulus,,,L.,,,"American highbush cranberry, or bush cranberry",Caprifoliaceae,Y,Y,,,/,,,,,requested
Vicia nigricans,ssp. gigantea,,,(Hook.) Lassetter & C.R. Gunn.,,giant vetch,Fabaceae,Y,Y,,,/,,,,,requested
Viola adunca,,,Sm. var. adunca,,,early blue violet,Violaceae,Y,Y,,,/,,,,,requested
Xerophyllum tenax,,,(Pursh) Nutt.,,,common beargrass,Liliaceae,Y,Y,,,/,,,,,requested
Zigadenus venenosus,,,S. Watson,,,"death camas, meadow death camas",Liliaceae,Y,Y,,,/,,,,,not found
Zigadenus elegans,,,Pursh,,,mountain death camas,Liliaceae,Y,Y,,,/,,,,,not found
Zostera marina,,,L.,,,eelgrass,Zosteraceae,Y,Y,,,Decreasing (Least Concern),,,,,requested
,,,,,,,,,,,,,,,,,
Species extracted from,,,Names of Native Plant Species in Indigenous Languages of Northwestern North America,,,,,,,,,,,,,,
"There are also algae, lichens, fungi and bryophytes listed in the document. We could decide to omit these",,,,,,,,,,,,,,,,,
